ID,reichsbank,distance
10101.0,0,23402.42020279331
10102.0,0,20376.490038639004
10103.0,0,20911.466899048166
10104.0,0,23366.63742333504
10105.0,0,22348.641556313494
10106.0,0,23782.587701579127
10109.0,0,23704.421792074754
10111.0,0,21478.7680085962
10112.0,0,21204.245080967914
10113.0,0,20774.058226837213
10114.0,0,23921.114136813834
10115.0,0,21218.371317362235
10116.0,0,27032.862233418222
10118.0,0,26748.58196537183
10119.0,0,22931.740575777014
10121.0,0,24281.73400245309
10122.0,0,21844.215604133446
10124.0,0,22742.207169338788
10125.0,0,20665.7363034144
10126.0,0,26048.94682176098
10127.0,0,24574.511374621023
10128.0,0,28759.26779703899
10129.0,0,25188.823554592418
10130.0,0,23518.85648301769
10131.0,0,19740.852246840062
10201.0,0,17452.4883004139
10202.0,0,20002.62142698525
10203.0,0,16156.468346075135
10204.0,0,16735.87383836758
10205.0,0,19114.159107187665
10206.0,0,13612.194022400708
10207.0,0,19480.283219283752
10208.0,0,16125.800972259605
10209.0,0,14945.323460525606
10210.0,0,12831.035385554735
10211.0,0,9674.175996153896
10212.0,0,11340.831323243465
10213.0,0,12041.313548568145
10214.0,0,18215.886640502467
10215.0,0,8611.803858154775
10216.0,0,18471.918840634295
10218.0,0,8393.857225324391
10219.0,0,15316.361651276102
10301.0,0,16268.015286413389
10302.0,0,24640.689333741066
10303.0,0,18851.578042911126
10304.0,0,18555.372895356424
10305.0,0,24252.733213758558
10306.0,0,20455.99811037639
10307.0,0,21448.025282124734
10308.0,0,26469.5992497961
10309.0,0,21444.52807182892
10310.0,0,23150.945477377052
10311.0,0,20580.411467696445
10312.0,0,15760.907784886562
10313.0,0,18020.773066142083
10314.0,0,18741.09289785651
10315.0,0,21936.306103701045
10316.0,0,17191.41025906444
10317.0,0,14883.390696768025
10318.0,0,16319.974782303556
10401.0,0,13415.631379910697
10402.0,0,14655.621145401345
10403.0,0,17703.87675043897
10404.0,0,11385.27444717627
10405.0,0,19637.58783988179
10406.0,0,15840.156382885498
10407.0,0,18011.725891413982
10408.0,0,15000.701804864684
10409.0,0,25572.107742927292
10410.0,0,13634.114976953018
10411.0,0,10049.926581720283
10412.0,0,19402.317319944897
10413.0,0,5072.862398764629
10414.0,0,25649.181267801065
10415.0,0,11145.911270734878
10416.0,0,13001.589247805565
10417.0,0,22028.587670475797
10418.0,0,12411.484214929802
10419.0,0,17283.892145382997
10420.0,0,9495.378540464455
10421.0,0,7782.382956822604
10422.0,0,22580.07827049393
10423.0,0,24630.845399003923
10424.0,0,20525.38164365868
10425.0,0,12087.431849384848
10426.0,0,20928.217751348868
10427.0,0,15615.670749305666
10428.0,0,16097.035831961011
10429.0,0,22193.46308434911
10430.0,0,23588.601509658783
10601.0,3,0.0
10602.0,0,6196.038566055129
10603.0,0,5067.935992415453
10604.0,0,3474.6494369349307
10605.0,0,6336.080464366772
10606.0,0,5964.356319001177
10608.0,0,7331.424289846639
10609.0,0,4231.990625720455
10610.0,0,7977.379043342882
10613.0,0,8153.508241484154
10614.0,0,9936.657289138862
10615.0,0,10145.856460230681
10616.0,0,3695.111630959322
10701.0,3,0.0
10702.0,0,10576.487539902808
10703.0,0,8039.199300868379
10705.0,0,12005.490539596289
10706.0,0,4858.897901929505
10707.0,0,4580.25774473595
10708.0,0,14145.165063832346
10709.0,0,6751.561345849359
10710.0,0,5296.785183541875
10711.0,0,9556.293947022552
10713.0,0,6510.839100606247
10715.0,0,6403.996857426303
10716.0,0,7634.48183970185
10717.0,0,7182.297478510898
10801.0,0,12840.485185645703
10802.0,0,10051.78070588099
10804.0,0,21373.114524051154
10805.0,0,26952.00352168349
10806.0,0,16071.604765712644
10807.0,0,9279.776102102991
10808.0,0,25850.47679585308
10809.0,0,16718.820697129813
10810.0,0,23624.316619857836
10811.0,0,14926.318875108358
10812.0,0,12964.33856474439
10813.0,0,13695.654314822705
10814.0,0,6265.143842180404
10815.0,0,20972.13492403108
10816.0,0,24129.87275698581
10817.0,0,24710.479042699826
10818.0,0,9636.460209090264
10819.0,0,27263.30747257926
10820.0,0,21391.65016428339
10821.0,0,18709.077178331016
10822.0,0,18457.31610003073
10823.0,0,13750.29789350414
10824.0,0,14685.236941709061
10825.0,0,23608.971974517255
10827.0,0,28155.331841848736
10901.0,0,12408.800158394306
10902.0,0,9578.948439151358
10903.0,0,13495.2454827167
10904.0,0,16486.068663958267
10905.0,0,17436.163815061624
10906.0,0,17717.84000328998
10908.0,0,16864.31234409334
10909.0,0,15364.868280625204
10911.0,0,8796.104164514934
10912.0,0,15277.46261126131
10913.0,0,10899.355094416755
10914.0,0,11631.959778538088
10915.0,0,14922.018674143785
10918.0,0,14885.878026752043
10919.0,0,12852.674895801898
10920.0,0,7220.9785272382205
10921.0,0,15840.415869501532
11001.0,0,17207.06976330625
11002.0,0,18242.0209326959
11003.0,0,20894.56920231435
11004.0,0,11218.109986863861
11005.0,0,13469.090268853042
11006.0,0,20328.20855588054
11007.0,0,20268.888178323232
11008.0,0,18270.872335859516
11009.0,0,17129.73495537391
11010.0,0,16323.49277481456
11011.0,0,17698.870513605685
11012.0,0,17201.365604733473
11013.0,0,21077.50762112959
11014.0,0,19189.715066882436
11015.0,0,18920.233285745006
11016.0,0,15578.597938322968
11017.0,0,20050.825314963524
11019.0,0,16011.26377614368
11020.0,0,13482.009857076178
11021.0,0,19026.50074585022
11022.0,0,21630.74538222448
11023.0,0,14244.941266537595
11024.0,0,20264.269492551462
11025.0,0,17772.58084535974
11026.0,0,13165.767277584864
11101.0,0,34358.00408756398
11102.0,0,31595.138716232577
11103.0,0,28714.09331741065
11104.0,0,30342.758056278966
11105.0,0,33505.64856287612
11106.0,0,31871.49741563794
11108.0,0,25827.951405596552
11109.0,0,27834.639850351712
11110.0,0,38176.00183412749
11111.0,0,35441.72882982204
11112.0,0,32065.125487091962
11113.0,0,28271.187089368075
11114.0,0,37928.86000628062
11115.0,0,34274.42635204363
11116.0,0,28188.632224567067
11117.0,0,33722.60038272858
11119.0,0,28008.02586414134
11120.0,0,25556.826097593603
11121.0,0,28167.25350586388
11122.0,0,27280.009841350253
11123.0,0,28981.77468315272
11124.0,0,30728.500505661134
11201.0,0,5872.452892881054
11202.0,0,15629.384827524895
11206.0,0,14764.728146373292
11207.0,0,15558.671522223183
11208.0,0,12126.48236982787
11209.0,0,9659.877666292976
11210.0,0,12902.157574435767
11211.0,0,12352.841900306503
11212.0,0,5678.95410080973
11213.0,0,16552.04713635825
11214.0,0,17309.01214769573
11216.0,0,16692.306230158003
11218.0,0,26809.621476247732
11219.0,0,9402.714152824543
11220.0,0,18719.59573444267
11221.0,0,13586.603448266174
11222.0,0,19894.42875338098
11223.0,0,22903.462653858976
11224.0,0,12403.281224475933
11225.0,0,13999.91302927809
11226.0,0,10875.552454303837
11227.0,0,11994.814022962124
11228.0,0,25309.627774198358
11229.0,0,26225.685305565443
11230.0,0,19148.660821721194
11231.0,0,17873.263488124372
11232.0,0,13727.8207689581
11233.0,0,24371.224229130486
11234.0,0,19547.990955338115
11301.0,1,0.0
11401.0,0,10924.228959514285
11402.0,0,6597.418710924732
11403.0,0,13584.049619570416
11406.0,0,11228.495096122328
11409.0,0,12591.32182748513
11413.0,0,10686.595518977974
11414.0,0,7544.844992571881
11415.0,0,12139.126846143246
11417.0,0,14399.6633511614
11418.0,0,9205.29042209538
11420.0,0,5487.108061981206
11421.0,0,6374.700642345006
11422.0,0,14656.403989616056
11423.0,0,13607.18858652892
11425.0,0,9477.550749196951
11426.0,0,15805.619600782802
11431.0,0,10566.313266723033
11501.0,0,22589.81310405876
11502.0,0,22519.158637639426
11503.0,0,18964.67323443521
11504.0,0,25346.906141690553
11505.0,0,19411.213285975693
11506.0,0,25532.648026923776
11507.0,0,20891.37906776047
11508.0,0,17215.548229945307
11509.0,0,21520.474015615353
11510.0,0,24592.135994099604
11511.0,0,23340.351555702462
11513.0,0,21103.62048082685
11514.0,0,27927.31798931635
11515.0,0,21905.855391428726
11516.0,0,20376.154021886116
11517.0,0,19536.405322924566
11518.0,0,25090.004321650435
11519.0,0,23094.602815711998
11520.0,0,18322.623609974547
11521.0,0,18441.26088744282
11522.0,0,19939.34550568531
11601.0,0,9673.750253391878
11602.0,0,16979.778906239775
11603.0,0,8945.13794006688
11604.0,0,15700.341342437658
11605.0,0,15225.398805649404
11606.0,0,13552.144508124677
11607.0,0,15665.20581250919
11608.0,0,17597.01960400337
11609.0,0,12950.047811585904
11610.0,0,7339.006854809294
11611.0,0,10167.874158021814
11612.0,0,12970.041017613274
11613.0,0,11025.97683994751
11614.0,0,17940.140482977517
11615.0,0,12995.130144506948
11616.0,0,14698.270021479422
11617.0,0,16226.191379878466
11618.0,0,12887.149414942407
11619.0,0,10574.37033523885
11620.0,0,11821.621354334624
11621.0,0,16725.89690666746
11622.0,0,11469.304411928248
11623.0,0,18328.104903060896
11624.0,0,11742.175452566273
11625.0,0,15802.987805518593
11626.0,0,19096.8236886848
11627.0,0,16952.68938587971
11628.0,0,14399.612144766465
11629.0,0,18513.0747726657
11630.0,0,14319.832213428002
11631.0,0,14557.449714468192
11632.0,0,5398.790237481161
11633.0,0,14687.367627999765
11634.0,0,6765.853481067041
11635.0,0,8842.211289395316
11636.0,0,6355.665146081368
11637.0,0,7302.977446746916
11638.0,0,4423.954591199987
11701.0,0,5603.197594649127
11702.0,0,12429.38407358384
11703.0,0,22968.528178808185
11704.0,0,17420.292652166103
11706.0,0,17444.46570681517
11707.0,0,12305.081845142498
11708.0,0,8983.788906217205
11709.0,0,16637.7887033072
11710.0,0,7897.773862130253
11711.0,0,15040.321211383281
11712.0,0,20856.456193176946
11714.0,0,7181.015286145949
11715.0,0,8603.299822656332
11716.0,0,10897.74303930968
11717.0,0,11084.391707438317
11718.0,0,14504.804356183473
11719.0,0,25487.39007448768
11720.0,0,19878.576441363726
11721.0,0,18379.611200692907
11723.0,0,15528.551819594746
11724.0,0,16224.650596661606
11725.0,0,14039.209187658094
11727.0,0,8397.406626806445
11728.0,0,9648.531208995251
11729.0,0,19016.43483172628
11730.0,0,10685.619852600877
11731.0,0,13890.069280172613
11732.0,0,14208.646825369267
11733.0,0,10783.009923795764
11734.0,0,10515.385153896199
11735.0,0,19829.691888424088
11738.0,0,21784.140317228623
20101.0,0,21377.857199582457
20102.0,0,29547.905921805384
20103.0,0,24405.368491132205
20105.0,0,28852.560525219564
20106.0,0,18249.13170863261
20107.0,0,23744.312100601644
20108.0,0,19585.672988790164
20109.0,0,16352.668881223457
20110.0,0,20649.887800573782
20111.0,0,17998.283906291068
20113.0,0,22225.50068971874
20114.0,0,21927.271272622405
20115.0,0,24787.866958268965
20116.0,0,26114.88254746704
20117.0,0,23921.90514844687
20118.0,0,19179.182440218854
20119.0,0,27158.0204132721
20120.0,0,22198.20176077511
20121.0,0,26810.912612649012
20122.0,0,22215.64558213386
20123.0,0,24752.681553118284
20124.0,0,29804.234923735723
20125.0,0,18743.36136934536
20127.0,0,20996.1618440416
20129.0,0,18437.375519431913
20130.0,0,31945.13475454674
20131.0,0,24213.346258148253
20201.0,0,34568.98998779434
20202.0,0,45586.044994362295
20203.0,0,50795.404900595
20204.0,0,37371.67332426905
20205.0,0,37301.22817522965
20206.0,0,29779.145538843786
20207.0,0,42742.179025918915
20208.0,0,28410.362113947423
20209.0,0,31060.582841499483
20211.0,0,40069.58302442129
20213.0,0,28644.51372657365
20214.0,0,34638.830874690364
20215.0,0,35402.19139176017
20216.0,0,48760.56963887637
20217.0,0,39259.00276520831
20218.0,0,33708.3242157098
20219.0,0,44379.65440431879
20220.0,0,32361.526749019333
20221.0,0,29351.620109445255
20222.0,0,39025.180557788975
20223.0,0,30442.38130952688
20224.0,0,48803.048252951565
20225.0,0,41102.62069737866
20226.0,0,37609.320204817035
20227.0,0,44121.08433084242
20228.0,0,40677.28878622194
20229.0,0,26157.338605475758
20230.0,0,32319.167131858772
20231.0,0,40422.585426689715
20232.0,0,41515.466543215836
20233.0,0,28660.32763958672
20234.0,0,36547.62815537605
20236.0,0,33029.17469354077
20237.0,0,38333.95596051506
20238.0,0,31953.067513707098
20239.0,0,35226.59760499551
20240.0,0,43022.62322947251
20241.0,0,38183.99640542439
20242.0,0,47644.46203237372
20301.0,0,37730.06562795095
20302.0,0,35253.26366320351
20303.0,0,47430.491899734036
20304.0,0,49803.64919248546
20305.0,0,31001.613528887014
20306.0,0,37779.31824013584
20307.0,0,34066.55594501877
20308.0,0,35299.928682456615
20309.0,0,39900.423689026706
20310.0,0,42924.705002424605
20311.0,0,43401.07657808819
20312.0,0,32607.278922229547
20313.0,0,49165.40993378955
20314.0,0,45389.29723625482
20315.0,0,38542.84487644091
20316.0,0,37471.538607451155
20317.0,0,40391.813218810224
20319.0,0,47184.428647571985
20320.0,0,35450.562401833886
20321.0,0,49842.22186163248
20322.0,0,43920.10055668819
20323.0,0,31644.24578611119
20324.0,0,31406.112995703876
20325.0,0,28626.135947457624
20326.0,0,29022.28764665353
20328.0,0,40572.96985838849
20329.0,0,44337.62527624822
20330.0,0,31849.96359022762
20332.0,0,47332.938336347965
20333.0,0,32075.517100968234
20334.0,0,33061.36571690184
20335.0,0,52169.79923699136
20336.0,0,34225.28326872955
20337.0,0,28651.976889754784
20338.0,0,40198.62927158399
20339.0,0,29217.0765388341
20340.0,0,37529.073700494875
20341.0,0,44213.89807135658
20401.0,0,24369.596940118994
20402.0,0,27050.1394447919
20403.0,0,21925.993390268683
20404.0,0,27543.68482129114
20405.0,0,17463.141785765718
20406.0,0,17253.717392058352
20407.0,0,27778.442734284727
20408.0,0,24524.592325366673
20409.0,0,28643.99659952031
20410.0,0,21777.508553075833
20411.0,0,21060.687368073253
20412.0,0,29853.463842780817
20413.0,0,22269.146518014106
20414.0,0,31082.86913170637
20415.0,0,27078.229249511474
20416.0,0,25968.443586554196
20417.0,0,30986.67758205041
20418.0,0,32220.71818709146
20419.0,0,20794.1092197877
20420.0,0,28426.117144673226
20421.0,0,17487.15713093366
20422.0,0,19128.07858283898
20423.0,0,21340.09713293507
20424.0,0,24114.341107552893
20425.0,0,24747.65387546642
20426.0,0,15747.258367612469
20427.0,0,31453.03494928236
20501.0,0,31813.24734521552
20502.0,0,31584.62198821466
20503.0,0,33998.0906091559
20504.0,0,30884.039560056954
20505.0,0,26253.958981023174
20506.0,0,29607.51086492421
20507.0,0,33775.9854808154
20508.0,0,31277.988140396028
20509.0,0,29649.01248144495
20510.0,0,33912.37996371397
20511.0,0,31257.271177707345
20512.0,0,32614.437949981526
20513.0,0,32284.740092915523
20514.0,0,36787.09441179372
20515.0,0,35524.81334895107
20516.0,0,29760.502084796688
20517.0,0,28692.352578808408
20518.0,0,36165.59342206245
20519.0,0,32682.002659657133
20520.0,0,29793.946226896718
20521.0,0,30068.141440510513
20522.0,0,30869.542434996038
20523.0,0,31327.585537654715
20524.0,0,36192.75489244974
20525.0,0,27723.97934920333
20526.0,0,33375.72665359255
20527.0,0,27227.85480395204
20528.0,0,30242.951700141257
20529.0,0,27650.55887459184
20601.0,0,35451.947284656744
20602.0,0,45303.78256799801
20603.0,0,44546.76137288173
20604.0,0,41604.388808046424
20605.0,0,44814.49845836956
20606.0,0,48696.1602790898
20607.0,0,41186.201678467034
20608.0,0,41746.94098006335
20609.0,0,39778.08239814009
20610.0,0,38628.493745632026
20611.0,0,43390.64949678896
20612.0,0,35136.26235574682
20614.0,0,49639.51326773231
20615.0,0,50520.61661786405
20616.0,0,46342.924852615775
20617.0,0,46439.73331825643
20618.0,0,33837.02431068709
20619.0,0,39257.94213253763
20620.0,0,34858.761595432945
20621.0,0,37518.23825821323
20622.0,0,40366.71694083685
20623.0,0,35715.752796248526
20624.0,0,36497.84554755429
20625.0,0,38514.49122017428
20626.0,0,39018.72207886832
20627.0,0,37565.58225378781
20628.0,0,41113.10838773089
20629.0,0,53875.870171995615
20630.0,0,43923.59924345725
20631.0,0,33706.81964043892
20632.0,0,47195.48569407696
20633.0,0,38919.70827951062
20634.0,0,36287.313419334736
20635.0,0,41499.20139217194
20636.0,0,43455.90220327123
20637.0,0,41505.5054804006
20638.0,0,36704.14830343496
20701.0,0,44151.92050239023
20702.0,0,45824.24754244955
20703.0,0,35260.79098697024
20704.0,0,56738.22181249728
20705.0,0,35637.11865528194
20706.0,0,41847.42636656295
20707.0,0,45134.647611312765
20708.0,0,48357.35394777958
20709.0,0,47332.000254193306
20710.0,0,50846.465099413144
20711.0,0,40730.64155807667
20712.0,0,55019.141689760916
20713.0,0,49178.52434107171
20714.0,0,44675.5111756241
20715.0,0,37552.36674662667
20716.0,0,54491.45318595133
20717.0,0,44677.445406111074
20718.0,0,39646.21040674449
20719.0,0,37630.57078042254
20720.0,0,41218.15141169075
20721.0,0,57522.65738727561
20722.0,0,37541.77389149628
20723.0,0,51643.929069183316
20724.0,0,38458.76152317986
20726.0,0,48029.288325426336
20727.0,0,53602.64831640888
20728.0,0,39229.91930134925
20729.0,0,41396.06075517301
20730.0,0,47031.067146102156
20731.0,0,37753.52852782318
20732.0,0,35188.27172140553
20733.0,0,46891.285865517566
20734.0,0,42922.73330071742
20735.0,0,49868.60964753739
20801.0,0,14871.768473072543
20802.0,0,14900.564814760231
20803.0,0,12285.78099384048
20804.0,0,10819.616371264237
20806.0,0,17791.380793716893
20807.0,0,18220.006766897728
20808.0,0,16028.070367356462
20809.0,0,11481.339259192595
20810.0,0,13245.608641509918
20811.0,0,13187.14028458037
20812.0,0,12006.108912925123
20813.0,0,11250.877686862403
20814.0,0,11131.648565784753
20815.0,0,12429.740918852147
20816.0,0,16237.832486739384
20817.0,0,13884.983917926935
20818.0,0,10432.035582892348
20819.0,0,13930.670417799836
20820.0,0,13901.439947467015
20821.0,0,14533.407202516672
20822.0,0,12239.274710152391
20824.0,0,14266.11237360338
20825.0,0,14423.602591756362
20826.0,0,13276.37496563373
20827.0,0,10381.359207626945
20828.0,0,9681.963006168506
20829.0,0,10564.18238470781
20830.0,0,11726.298065995757
20901.0,0,14623.790194293317
20902.0,0,19193.366572952076
20903.0,0,25792.01158033256
20905.0,0,22831.524125162457
20906.0,0,14229.877943070269
20907.0,0,24304.0529555934
20908.0,0,14868.586922811082
20909.0,0,28430.34133174065
20910.0,0,9209.482995350212
20911.0,0,19147.877395343112
20913.0,0,10621.654977170903
20914.0,0,18249.46777771468
20915.0,0,24203.371559260115
20916.0,0,15083.008556763578
20917.0,0,21797.02369902956
20918.0,0,23557.227893135667
20919.0,0,20754.074827374952
20921.0,0,21600.713266239338
20922.0,0,17666.940290604933
20923.0,0,13734.139296016287
20926.0,0,26658.11412459952
20927.0,0,15710.137060329767
20928.0,0,17760.981272611138
21001.0,2,0.0
21003.0,0,6563.593940511073
21004.0,0,6006.445735727475
21005.0,0,15594.856183550255
21006.0,0,9407.376493251724
21007.0,0,8144.331904637585
21008.0,0,14287.342488265575
21009.0,0,21844.428842204856
21010.0,0,10519.796168394783
21011.0,0,11407.906469695623
21012.0,0,14848.15020924414
21013.0,0,23988.705114189095
21015.0,0,4464.430797208934
21016.0,0,4963.260695265022
21017.0,0,9253.325007832389
21018.0,0,11845.12750251651
21019.0,0,8241.060312363328
21020.0,0,3975.460827775455
21021.0,0,12998.145257651293
21101.0,0,18312.847788026265
21102.0,0,19900.90132283639
21103.0,0,14519.388363304768
21104.0,0,19958.78781460199
21105.0,0,27785.50294161148
21106.0,0,28414.8213063606
21107.0,0,24721.12871986634
21108.0,0,23918.918148968787
21109.0,0,21776.045176377967
21110.0,0,23911.037804006442
21111.0,0,14394.219063605367
21112.0,0,16493.939046534808
21113.0,0,15755.945997061048
21114.0,0,25197.089286165927
21115.0,0,22206.035798093904
21116.0,0,24279.504992280898
21117.0,0,11026.79614006303
21118.0,0,15329.841994149592
21119.0,0,23297.135572772553
21120.0,0,23756.082077540526
21121.0,0,23503.277095715977
21122.0,0,14580.6535982079
21123.0,0,20681.72432770375
21124.0,0,19813.463155999165
21125.0,0,25892.839884159956
21126.0,0,16969.671750946633
21201.0,3,0.0
21202.0,0,9659.0038276678
21203.0,0,10606.990206564535
21205.0,0,12194.216789663396
21206.0,0,6286.982188578665
21207.0,0,4809.955416303264
21208.0,0,13763.777455150053
21209.0,0,13947.305852203235
21210.0,0,11217.422541176073
21211.0,0,4810.080556595532
21212.0,0,7833.154697756787
21213.0,0,2517.46035959156
21214.0,0,8833.265017731517
21215.0,0,15763.97086009941
21216.0,0,4396.130064650901
21217.0,0,7737.088593641419
21218.0,0,6117.770269682562
21219.0,0,6978.917877541256
21220.0,0,8392.424933138234
21221.0,0,4667.316127632736
21222.0,0,12258.270392569402
21223.0,0,5131.7560401160945
21224.0,0,6873.973383265841
21225.0,0,16301.834926985903
21226.0,0,10854.261798352094
21227.0,3,0.0
21228.0,0,7699.210175582452
21229.0,0,11376.190423333534
21230.0,0,5348.929400795921
21231.0,0,5290.999775133487
21232.0,0,6806.227310699159
21233.0,0,3791.418125327253
21234.0,0,9160.184718261704
21301.0,0,12510.548693517345
21302.0,0,6991.969604276826
21303.0,0,10095.01170381044
21304.0,0,11315.637882811787
21305.0,0,13403.895171018237
21306.0,0,14946.859756564689
21307.0,0,11527.11881280449
21308.0,0,10186.570037510553
21309.0,0,8819.17980184978
21310.0,0,15315.791886429228
21311.0,0,7336.288818812115
21312.0,0,10272.277313616583
21313.0,0,13551.985155364198
21314.0,0,10118.218270629994
21315.0,0,17238.960330455913
21316.0,0,16499.1216925384
21317.0,0,13404.346595215984
21318.0,0,16101.69728134496
21319.0,0,8607.112333108176
21320.0,0,12953.916751881778
21321.0,0,10907.549891738665
21401.0,0,21583.318974301175
21403.0,0,20781.594280300444
21404.0,0,24131.154097964023
21405.0,0,15737.299136624919
21406.0,0,18362.75032204998
21407.0,0,15766.311525497562
21408.0,0,14485.32749932869
21409.0,0,23056.403640996465
21410.0,0,22523.32982561461
21411.0,0,25511.742354847982
21412.0,0,25282.204330028217
21413.0,0,22294.73563662183
21414.0,0,23116.148121647093
21415.0,0,15187.787837882895
21416.0,0,12744.828087907703
21417.0,0,26355.42967792284
21418.0,0,19971.86552145029
21419.0,0,24050.262112785735
21420.0,0,22549.21224184866
21421.0,0,15915.644438748108
21422.0,0,10684.894230315389
21423.0,0,18229.587503439965
21424.0,0,27317.51569047122
21425.0,0,12385.18179980758
21426.0,0,18251.440857789847
21427.0,0,26388.747575708672
21428.0,0,19113.81382732454
21429.0,0,16844.73629251787
21501.0,0,10576.30309585387
21502.0,0,5674.514682952588
21503.0,0,12941.290235303482
21504.0,0,3302.2375776504705
21506.0,0,13199.934699169875
21507.0,0,8947.898347916718
21508.0,0,11886.528299465144
21509.0,0,9358.67237098127
21510.0,0,7592.197325957735
21511.0,0,11681.102321498915
21512.0,0,14155.426969889479
21513.0,0,4889.248149579301
21514.0,0,7823.048431006314
21515.0,0,13555.453164324796
21516.0,0,6542.821269291499
21517.0,0,6230.880821145901
21519.0,0,6141.878563998764
21520.0,0,11372.868702369175
21521.0,0,5835.827942615929
21522.0,0,9488.205282287396
21523.0,0,7516.550860968321
21524.0,0,4370.718420699741
21525.0,0,8072.341565815257
21526.0,0,12705.985387081228
21527.0,0,4131.781314798136
21528.0,0,10829.359168875308
21529.0,0,7507.834461671493
21530.0,0,11881.015799984032
21601.0,3,0.0
21602.0,0,10374.942264012134
21603.0,0,9005.127707536481
21604.0,0,12138.26713806694
21605.0,0,10415.447828865532
21606.0,0,14789.940398732606
21607.0,0,10224.132460225852
21608.0,0,3217.9215266019496
21609.0,0,7452.4342744303995
21610.0,0,3949.776338533439
21611.0,0,8547.171944012294
21612.0,0,10120.98580541061
21613.0,0,12666.972539892457
21614.0,0,7361.413156881674
21615.0,0,8503.768681685597
21616.0,0,8148.150000537676
21617.0,0,6338.425006611599
21618.0,0,11244.4133321373
21619.0,0,6710.7215530537815
21620.0,0,7955.313015009865
21621.0,0,5299.712815284507
21622.0,0,6619.269666834089
21623.0,0,4622.671120471479
21701.0,0,15113.503212386922
21702.0,0,10330.573865407647
21703.0,0,12325.32247057708
21704.0,0,23000.359669574525
21705.0,0,12083.70886870232
21706.0,0,21117.105684204038
21707.0,0,15848.683181681732
21708.0,0,8285.444874609933
21709.0,0,19264.393657670935
21710.0,0,22972.119338030654
21711.0,0,19923.69485345027
21712.0,0,15644.850438434243
21713.0,0,13672.346710963204
21714.0,0,7506.797709128726
21715.0,0,7723.647330068137
21716.0,0,8470.776468105498
21717.0,0,11602.518322156013
21718.0,0,5719.126743434909
21719.0,0,8594.828270033055
21720.0,0,19464.03309660116
21721.0,0,20680.853005043955
21722.0,0,16479.849900890098
21724.0,0,24073.783606143894
21725.0,0,14539.853608436944
21726.0,0,18374.48590510836
21727.0,0,10209.471624329632
21728.0,0,25076.591195894205
30101.0,3,0.0
30102.0,0,9396.968464431951
30103.0,0,15813.458567391608
30104.0,0,5328.392021034371
30105.0,0,5224.925801471201
30106.0,0,5845.815903734106
30107.0,0,8857.277509181988
30109.0,0,12285.768698909309
30110.0,0,7514.2024957243975
30111.0,0,7587.738303318776
30112.0,0,9319.57391390684
30113.0,0,9324.705340888648
30114.0,0,6055.80180613219
30115.0,0,13617.135441118704
30116.0,0,11364.67759670295
30117.0,0,5230.896679746831
30119.0,0,4761.485288594285
30201.0,0,34271.03118225769
30202.0,0,38688.85076928431
30203.0,0,34696.5225597454
30204.0,0,40073.910454038276
30205.0,0,28106.85323082161
30206.0,0,26082.05662688122
30207.0,0,32076.38197944306
30208.0,0,29201.042233675307
30209.0,0,29856.182133869643
30211.0,0,34614.410452456636
30212.0,0,36834.194661865724
30213.0,0,26824.942288453844
30214.0,0,31371.374716554154
30215.0,0,31469.508589726905
30216.0,0,25721.36188056264
30217.0,0,34390.463366097036
30218.0,0,37035.068122831704
30219.0,0,25547.422868235742
30220.0,0,36654.8605469073
30221.0,0,37391.28793372867
30222.0,0,27396.97844260457
30223.0,0,33326.45861871831
30224.0,0,28343.21739761667
30225.0,0,31804.2003250327
30226.0,0,29140.662435642233
30301.0,0,15262.939574540575
30302.0,0,27747.699778534698
30303.0,0,24649.951985510837
30304.0,0,19926.627663639687
30305.0,0,12287.98269257526
30306.0,0,22925.933460659577
30307.0,0,28750.533396218758
30308.0,0,22226.189894042065
30309.0,0,13905.162352362224
30310.0,0,16598.648439998673
30311.0,0,11268.699281315467
30312.0,0,26929.567611600043
30313.0,0,20380.34865709453
30314.0,0,18640.23108709813
30315.0,0,15932.588669642295
30316.0,0,19896.563374416044
30317.0,0,14357.962918007774
30318.0,0,10777.421421838597
30319.0,0,25920.955652785833
30320.0,0,26599.56040398457
30321.0,0,24487.594490452688
30322.0,0,28552.569544173042
30323.0,0,22350.97131704778
30324.0,0,10084.198570635584
30325.0,0,26450.583203394377
30326.0,0,26112.72750371071
30327.0,0,20816.594310799643
30401.0,0,22525.67244870138
30402.0,0,16827.315061950103
30403.0,0,11688.532625377444
30404.0,0,25188.358153092955
30405.0,0,14067.999062132085
30406.0,0,23053.81879525669
30407.0,0,14787.81742267448
30408.0,0,23943.59247013259
30409.0,0,28865.749238638637
30410.0,0,16111.211060873784
30411.0,0,30068.85724033245
30412.0,0,25337.751605442565
30413.0,0,28421.822794881424
30414.0,0,13981.921887096536
30415.0,0,27179.623374062063
30416.0,0,27430.21662536786
30417.0,0,25721.580217774906
30418.0,0,10235.88809380107
30419.0,0,19477.187881134392
30420.0,0,15844.013499363811
30421.0,0,19549.12554639619
30422.0,0,21294.211216723357
30423.0,0,11266.07022536954
30501.0,0,47709.824961274026
30502.0,0,48798.43743896241
30503.0,0,47226.92266662137
30504.0,0,54896.42366195671
30505.0,0,51982.27286732815
30506.0,0,49343.72298104269
30507.0,0,44768.575592189576
30508.0,0,44990.28252653497
30509.0,0,53228.55964688631
30510.0,0,52203.581148170786
30511.0,0,43326.36605869526
30512.0,0,52937.61279886351
30513.0,0,42214.067620222966
30514.0,0,41254.38186576737
30515.0,0,49358.02505456927
30516.0,0,41692.56260241654
30517.0,0,56898.79733249591
30518.0,0,45274.553845743285
30519.0,0,58083.50331435324
30520.0,0,43711.878351243475
30521.0,0,59551.63351762485
30523.0,0,47776.93440058362
30524.0,0,56266.63383475752
30525.0,0,46486.39616953368
30526.0,0,42804.18886654487
30527.0,0,55244.572514391715
30528.0,0,57487.929954146915
30529.0,0,60165.84570301216
30530.0,0,43521.45869529442
30531.0,0,51254.61759522596
30532.0,0,61821.140776980865
30533.0,0,52050.86369193595
30537.0,0,52841.65041718381
30601.0,3,0.0
30602.0,0,8358.579469372298
30603.0,0,12694.954217506933
30604.0,0,9515.037958855912
30605.0,0,6486.899373202429
30606.0,0,10129.259929645437
30607.0,0,4770.267046466406
30608.0,0,10895.93117067732
30609.0,0,7926.061560036883
30610.0,0,7944.381350126796
30611.0,0,8189.227135116479
30612.0,0,4339.205070026072
30613.0,0,7949.280629173653
30614.0,0,3419.6556018775123
30615.0,0,4636.254013228466
30616.0,0,8560.078722316981
30617.0,0,5099.022912396465
30618.0,0,9441.265322005487
30619.0,0,9044.097024724511
30620.0,0,2683.468500791564
30621.0,0,7476.629304311869
30622.0,0,9613.95343187254
30623.0,0,5677.221438254496
30624.0,0,7659.384441900857
30625.0,0,9380.128544453715
30626.0,0,7271.80289040782
30701.0,0,33551.22343303009
30703.0,0,31738.82562721053
30704.0,0,29734.067240313692
30705.0,0,38310.8010321493
30706.0,0,40218.43960954893
30707.0,0,35432.11839954068
30708.0,0,40890.3288086432
30709.0,0,37675.09314488678
30711.0,0,34188.77550252871
30713.0,0,39355.626888862695
30714.0,0,32873.85077854336
30715.0,0,44708.934008938966
30716.0,0,29752.185456826905
30719.0,0,33770.73393003713
30721.0,0,37170.88076012399
30722.0,0,36919.75887670867
30723.0,0,36472.05794209411
30724.0,0,37464.34454748765
30725.0,0,29636.787389486468
30726.0,0,31374.291960315008
30727.0,0,31584.379673069674
30728.0,0,36149.08824971058
30729.0,0,28105.947565945193
30730.0,0,40123.74604309356
30732.0,0,37481.2630963513
30801.0,3,0.0
30802.0,0,15083.782310277189
30803.0,0,7392.9107815860425
30804.0,0,17186.652423791544
30805.0,0,13844.65860564518
30806.0,0,11021.288697689484
30807.0,0,10281.331554581539
30808.0,0,12489.210623776087
30809.0,0,8384.674340606825
30810.0,0,16283.162741172615
30811.0,0,14551.854376546273
30812.0,0,11329.696481843184
30813.0,0,7630.677501009065
30814.0,0,12995.652331540807
30815.0,0,12816.766875610982
30816.0,0,10813.116776207899
30817.0,0,11638.82865913725
30819.0,0,6473.1356916007435
30821.0,0,5771.239846938904
30823.0,0,5762.85201645281
30824.0,0,13789.608171812013
30826.0,0,12598.10034179795
30827.0,0,18831.458361173634
30828.0,0,8151.546631184226
30829.0,0,8363.108488826781
30901.0,0,37731.73918348883
30902.0,0,47749.526071375076
30903.0,0,40939.30875115769
30904.0,0,41562.339157479335
30905.0,0,34997.417002734626
30906.0,0,39671.579989687394
30907.0,0,28847.459754262323
30908.0,0,31324.296210920988
30909.0,0,42598.99712278623
30910.0,0,46531.236355225796
30912.0,0,34655.65589786208
30913.0,0,36967.086344224976
30914.0,0,40581.26212607671
30915.0,0,45372.90107599566
30916.0,0,41442.825477381295
30917.0,0,48820.02872515086
30918.0,0,38439.812909257795
30919.0,0,52958.02383650466
30921.0,0,42541.96869888033
30922.0,0,44715.53841995438
30923.0,0,50699.783500629754
30924.0,0,36966.324103166946
30925.0,0,45909.329678477196
30926.0,0,44518.668502512686
30927.0,0,42295.23134604822
30928.0,0,45756.67863664068
30929.0,0,44758.21201616949
30930.0,0,37434.100546779875
30931.0,0,42957.980254645154
30932.0,0,40068.012058373315
30933.0,0,48968.11109011816
30936.0,0,32972.02389807558
30937.0,0,45034.60010960078
30938.0,0,42069.187792019664
30939.0,0,31858.260868442034
30940.0,0,49832.11474869086
30941.0,0,36081.14892361971
30942.0,0,42514.541601795245
30943.0,0,43376.81941478703
30944.0,0,40499.73433589435
30945.0,0,32751.768004421407
30946.0,0,42683.34794302037
30947.0,0,32389.812355082424
30948.0,0,51709.650754914095
31001.0,0,55664.07033422206
31002.0,0,55244.1448737231
31003.0,0,52000.307724843784
31004.0,0,55274.736587621235
31005.0,0,68799.34936986696
31006.0,0,67407.38934311
31007.0,0,63504.40881178492
31009.0,0,69403.69680676618
31010.0,0,61344.715775061864
31011.0,0,56771.36740046276
31012.0,0,60177.58200048512
31013.0,0,66366.30569619674
31014.0,0,73800.91997429372
31015.0,0,70919.7324266571
31016.0,0,61315.67338106645
31017.0,0,50989.851787309046
31018.0,0,63056.66768790707
31019.0,0,54256.825638033915
31020.0,0,57045.496413570785
31021.0,0,60193.16736774477
31022.0,0,59782.57401572485
31023.0,0,63395.36998137396
31024.0,0,58462.18732564592
31025.0,0,57395.25708675436
31026.0,0,67176.51490523343
31027.0,0,65914.41330677169
31028.0,0,65893.81956181422
31029.0,0,54221.32203089619
31030.0,0,61749.8675821656
31031.0,0,67393.18258051646
31032.0,0,64046.61251601005
31033.0,0,58757.9854414105
31034.0,0,64925.998129900465
31035.0,0,72429.6480423856
31036.0,0,48356.87495509291
31037.0,0,65277.962359282494
31038.0,0,52800.977048784196
31039.0,0,57782.89764111945
31040.0,0,63665.61497869687
31041.0,0,69200.47510600259
31042.0,0,51039.44018313202
31043.0,0,60533.7255709745
31044.0,0,53414.51823769374
31045.0,0,75592.76228233278
31046.0,0,62754.26967788856
31047.0,0,62596.621923314095
31101.0,0,13313.953171454023
31102.0,0,10272.145350268167
31103.0,0,17406.170084729456
31104.0,0,19634.901276333283
31105.0,0,15623.325354128903
31106.0,0,20198.68474299986
31107.0,0,21406.659518489858
31109.0,0,13828.928233549897
31110.0,0,15840.821805432013
31111.0,0,18970.452035926828
31112.0,0,9229.160401081917
31113.0,0,21453.825117473778
31114.0,0,13053.210690476697
31115.0,0,21183.49762392881
31116.0,0,16978.2759523137
31117.0,0,27200.156548103903
31118.0,0,7984.290516386616
31119.0,0,11502.497091710402
31120.0,0,22341.78760439919
31121.0,0,24619.284886811798
31122.0,0,18899.648370402603
31124.0,0,20717.150539515234
31125.0,0,18366.406471447714
31126.0,0,17482.67664758006
31127.0,0,21103.43225167181
31128.0,0,23670.044022579325
31129.0,0,16909.788493198597
31130.0,0,23794.27819527501
31131.0,0,10425.371899009193
31201.0,0,21809.94015903494
31202.0,0,17952.68475631378
31203.0,0,19754.329599214634
31204.0,0,23419.019749740517
31205.0,0,23952.063113515233
31206.0,0,25389.1932287661
31207.0,0,27624.54773257875
31208.0,0,28561.065861229068
31209.0,0,39066.397000384284
31210.0,0,39116.30641661142
31211.0,0,29930.337572800046
31212.0,0,36337.87371495332
31213.0,0,26546.199886047674
31214.0,0,29716.59245009815
31215.0,0,38346.50543705215
31216.0,0,23967.62874056178
31217.0,0,30748.128507221994
31218.0,0,30010.27973993548
31219.0,0,28186.582522130102
31220.0,0,35297.95957639674
31221.0,0,16616.982971689496
31222.0,0,32354.887069367047
31223.0,0,26711.389224594728
31224.0,0,19787.15915091202
31225.0,0,27350.43558403581
31226.0,0,32298.596572428793
31227.0,0,31022.738276239204
31228.0,0,23557.973215426533
31229.0,0,26590.894203488224
31230.0,0,30279.629950774037
31231.0,0,21689.69146802078
31232.0,0,27157.42090899053
31233.0,0,22120.145429063046
31234.0,0,19920.55103524246
31235.0,0,24929.70423211365
31236.0,0,26622.039227105088
31237.0,0,19300.711019944032
31238.0,0,31685.326291522255
31239.0,0,34930.73877439444
31240.0,0,22635.90999594875
31241.0,0,19716.91139951724
31242.0,0,28872.720490586362
31243.0,0,24966.205280848375
31301.0,0,15888.085208716077
31302.0,0,6508.254627811313
31303.0,0,18877.231916109988
31304.0,0,11239.651065605118
31305.0,0,9197.499710735727
31306.0,0,8348.140246807117
31307.0,0,18402.75658899842
31308.0,0,11345.644380949707
31309.0,0,11080.48284084972
31310.0,0,17200.51569076068
31311.0,0,12463.729433502736
31312.0,0,11872.829244078044
31313.0,0,14135.524653668723
31314.0,0,9454.561183615082
31315.0,0,8742.186844330357
31316.0,0,10965.863668173564
31317.0,0,15761.658816249479
31318.0,0,13391.611679912894
31320.0,0,8323.94976849248
31321.0,0,16808.734356383746
31322.0,0,18094.44657848452
31323.0,0,12397.08742885561
31324.0,0,14157.71759905115
31325.0,0,17090.167832319497
31326.0,0,14428.65453911438
31327.0,0,12509.10111802712
31401.0,0,14825.258260880639
31402.0,0,6436.923830725661
31403.0,0,3147.163235462
31404.0,0,17217.616713924745
31405.0,0,19454.067918501984
31406.0,0,7323.261946289443
31407.0,0,10662.4632901459
31408.0,0,11933.578354792488
31409.0,0,19983.48262622551
31410.0,0,20665.12698133465
31411.0,0,7692.011897543253
31412.0,0,10567.325490681485
40101.0,3,35318.66678221009
40102.0,0,28631.47473874723
40103.0,0,37462.79802453739
40104.0,0,29811.00741302871
40105.0,0,26317.301352180042
40106.0,0,32110.73569951949
40107.0,0,35625.80166379388
40108.0,0,28362.43746753145
40109.0,0,32568.328684754695
40112.0,0,33197.01996799629
40113.0,0,37899.773496136964
40114.0,0,34493.46048213083
40115.0,0,32276.956528977087
40116.0,0,30134.806887837633
40117.0,0,29211.810410485
40118.0,0,29918.19983623863
40119.0,0,29897.766830682493
40120.0,0,29273.366027359767
40121.0,0,26050.243016811648
40122.0,0,30452.74309378001
40123.0,0,27287.169173216396
40124.0,0,31983.016851942124
40125.0,0,28603.145604910944
40126.0,0,32906.88158782309
40127.0,0,33359.846785049434
40128.0,0,34406.8432655466
40129.0,0,28810.742582514493
40131.0,0,22748.764792691778
40132.0,0,36746.71744273688
40133.0,0,32810.82207001318
40134.0,0,31977.695510577894
40135.0,0,35587.7442268522
40136.0,0,33312.27971566668
40137.0,0,34990.32999734641
40138.0,0,24653.192207809214
40139.0,0,33488.21633049604
40140.0,0,35134.51760454593
40141.0,0,34788.96181131179
40142.0,0,33463.63632811714
40143.0,0,20793.603350029403
40144.0,0,26313.433461844477
40145.0,0,31261.498348812584
40201.0,0,11990.57892707134
40202.0,0,6806.868960393743
40203.0,0,12682.904479787014
40204.0,0,11990.601421085545
40205.0,0,16823.204488405157
40206.0,0,12543.308654880428
40207.0,0,8072.167074920479
40208.0,0,15552.07777685959
40209.0,0,8497.13797212836
40210.0,0,7723.316731999236
40211.0,0,5323.712939732086
40213.0,0,19514.626999413616
40214.0,0,7447.681574760955
40215.0,0,5145.3872484672165
40216.0,0,20844.884534271307
40217.0,0,8508.314270968945
40218.0,0,20648.51116944938
40219.0,0,19375.8879090429
40220.0,0,12572.120711106569
40221.0,0,17617.612353154804
40222.0,0,12583.744137578966
40223.0,0,16206.090602580392
40224.0,0,16969.0498573619
40225.0,0,18767.145369484202
40226.0,0,17451.852589442224
40227.0,0,11534.829015176725
40228.0,0,20280.483835325133
40229.0,0,14296.571518662924
40230.0,0,11597.088342464609
40231.0,0,15263.968465854467
40232.0,0,9075.119467567256
40301.0,0,22661.633334156766
40302.0,0,19556.104495295785
40303.0,0,22159.03414687082
40304.0,0,16160.34031651585
40305.0,0,25803.877824122905
40306.0,0,11518.357486214863
40307.0,0,22685.0498659694
40308.0,0,21030.978785765106
40309.0,0,27821.037605087004
40310.0,0,24580.35318143063
40311.0,0,11719.985390534643
40312.0,0,31421.643527850323
40313.0,0,22442.602826772367
40314.0,0,8602.762110446532
40315.0,0,13906.298176239703
40316.0,0,27390.732449700765
40317.0,0,18099.089138469302
40318.0,0,30786.54032028089
40319.0,0,19684.678860463908
40320.0,0,25248.252913743607
40321.0,0,33077.87230249728
40322.0,0,25106.819790768797
40323.0,0,18360.495457568817
40324.0,0,31872.65369328298
40325.0,0,24565.91124034879
40326.0,0,28007.354818075037
40327.0,0,32813.70311769022
40328.0,0,31023.370653251724
40329.0,0,29178.85939963691
40330.0,0,29038.53019087786
40331.0,0,30621.506830792077
40332.0,0,19798.608184663353
40333.0,0,15532.071276752322
40334.0,0,13873.700894419673
40335.0,0,34805.832675557205
40336.0,0,31078.696571461645
40337.0,0,16476.576658157388
40338.0,0,32757.599613838025
40339.0,0,35476.58746841323
40340.0,0,17325.7857882215
40341.0,0,27279.39613764201
40342.0,0,35345.9239968032
40343.0,0,22130.307340589214
40344.0,0,26773.79504794528
40345.0,0,31252.674492579015
40346.0,0,28586.914572210633
40347.0,0,23046.311047670642
40401.0,3,15046.01576364525
40403.0,0,19801.61022936797
40404.0,0,15039.807000644398
40405.0,0,15452.790592882566
40406.0,0,17963.627443773312
40407.0,0,11688.945403965563
40408.0,0,13392.92809639205
40409.0,0,12060.244462805813
40410.0,0,15938.384417487612
40411.0,0,17290.32819564608
40412.0,0,9392.871163544485
40413.0,0,13872.203965037688
40414.0,0,6772.068606339395
40415.0,0,12624.692021086024
40416.0,0,21335.453921862183
40417.0,0,17605.64586633852
40419.0,0,11627.480030450613
40420.0,0,13548.347086600748
40421.0,0,10843.942876119756
40422.0,0,19968.666036794937
40423.0,0,9075.706479432492
40424.0,0,19659.72889386005
40425.0,0,15360.536738778766
40426.0,0,17310.190683427096
40427.0,0,15300.779031627748
40428.0,0,21498.67293450957
40429.0,0,13882.177854307363
40430.0,0,16977.607158278268
40431.0,0,14566.420697864949
40432.0,0,10223.673523846437
40433.0,0,19630.346298835128
40434.0,0,18234.61053028078
40435.0,0,12191.051386647521
40436.0,0,20390.906847821498
40437.0,0,15875.355816477577
40501.0,3,0.0
40502.0,0,7675.923803796386
40503.0,0,9246.809988443692
40504.0,0,3553.4181885181324
40505.0,0,4958.19003542496
40506.0,0,6258.9488347454435
40507.0,0,7449.036865081679
40508.0,0,7453.92523616406
40509.0,0,8546.381501277858
40510.0,0,6638.303409452655
40511.0,0,11159.735193630258
40512.0,0,4283.680684145636
40513.0,0,3560.1821670079485
40514.0,0,6545.720203452104
40515.0,0,4067.385984169123
40516.0,0,10771.509498516412
40517.0,0,7632.356285699014
40518.0,0,4053.2306707235784
40519.0,0,6255.380753543757
40520.0,0,6555.345565641583
40524.0,0,6528.760267387309
40525.0,0,6899.523839316298
40526.0,0,7434.720573789152
40527.0,0,4513.535177485842
40528.0,0,11503.176606429239
40529.0,0,6844.618252594259
40530.0,0,5771.393531889426
40531.0,0,10578.594167990595
40532.0,0,5678.828954186713
40533.0,0,6687.20587546099
40534.0,0,6288.273595537413
40601.0,0,14534.321686264368
40602.0,0,16910.640219316963
40604.0,0,17759.337715618098
40605.0,0,21022.092226286
40606.0,0,15302.444104401025
40607.0,0,12449.043688689546
40608.0,0,11882.954749976765
40609.0,0,13943.313522789304
40611.0,0,15499.601507847348
40612.0,0,15321.551211098831
40613.0,0,13414.863468916617
40614.0,0,21267.282852345852
40615.0,0,17288.038080424
40617.0,0,10999.553734184125
40618.0,0,20171.17850261936
40619.0,0,11285.594892658184
40620.0,0,21935.155109827563
40621.0,0,18952.985016003193
40622.0,0,20276.813458386543
40623.0,0,12604.611900913578
40624.0,0,9115.275314729437
40701.0,0,18972.842162261484
40702.0,0,15690.797928612521
40703.0,0,9275.062265344463
40704.0,0,25017.064594096777
40705.0,0,21989.7813348526
40706.0,0,15075.446831507117
40707.0,0,17274.538977965865
40708.0,0,17131.54344859131
40709.0,0,22011.227253979527
40710.0,0,19769.352775528627
40711.0,0,10872.654511478942
40712.0,0,23746.85241135949
40713.0,0,8246.495433000766
40714.0,0,13103.750742887687
40715.0,0,5986.39528328887
40716.0,0,21895.3323140894
40717.0,0,11995.937136674866
40718.0,0,14881.194933553334
40719.0,0,24239.37744823575
40720.0,0,20712.136063504488
40721.0,0,15221.509757369644
40722.0,0,9908.465429607015
40723.0,0,20405.85891639975
40724.0,0,17939.617418997692
40725.0,0,18070.27869651559
40726.0,0,14265.394800483284
40727.0,0,26398.52691745841
40728.0,0,24970.921327497304
40729.0,0,19283.536010577725
40732.0,0,13423.84450284269
40733.0,0,27973.748963423994
40734.0,0,25052.227932093094
40735.0,0,6541.424054538211
40736.0,0,7036.015459583894
40737.0,0,24002.831946557362
40738.0,0,23034.70772409884
40739.0,0,16346.296015897573
40740.0,0,11083.794791749415
40801.0,0,30736.531780451678
40802.0,0,36091.32347395061
40803.0,0,33123.40068742765
40804.0,0,39357.27702697042
40805.0,0,24131.339189336628
40806.0,0,32054.619880491347
40807.0,0,34482.99247704478
40808.0,0,25860.969392923864
40809.0,0,26229.831701954852
40810.0,0,36611.52406352701
40811.0,0,32266.697491956977
40812.0,0,29026.303657571756
40813.0,0,36300.121859692146
40814.0,0,37655.71458059232
40816.0,0,41074.194905225
40817.0,0,28728.39092353481
40818.0,0,38800.17084042685
40819.0,0,28684.596471410718
40820.0,0,34830.920133677406
40821.0,0,41824.15051615765
40822.0,0,22228.416732421603
40823.0,0,35235.39679590151
40824.0,0,33361.203391734576
40825.0,0,25087.43096355493
40826.0,0,36421.9349330963
40901.0,0,24940.063704098255
40902.0,0,26396.78173017775
40903.0,0,28341.90351769177
40904.0,0,32625.513573260618
40905.0,0,25610.374064647567
40906.0,0,26014.67562368185
40908.0,0,18363.277144115844
40909.0,0,27593.952086566453
40910.0,0,28125.549856798305
40911.0,0,30956.030364319588
40912.0,0,24768.21660658803
40913.0,0,21076.676047622164
40914.0,0,19149.91498128669
40915.0,0,23155.690726605993
40916.0,0,25679.49177377572
40917.0,0,36861.27913258117
40918.0,0,25449.629519682396
40919.0,0,34411.84031149078
40920.0,0,24782.473011999133
40921.0,0,33188.978121461514
40922.0,0,32045.735575729967
40923.0,0,16930.822377316937
40925.0,0,30308.82536953372
40926.0,0,26948.611607156483
40927.0,0,31618.013650187837
40928.0,0,24384.094964761858
40929.0,0,31061.29252827178
40930.0,0,27032.750394308074
40931.0,0,30846.05205400917
40932.0,0,23651.531229263914
40933.0,0,22280.21203219059
40934.0,0,13809.683427009097
40935.0,0,22237.68897340926
40936.0,0,27420.94039097388
40937.0,0,29747.919971877185
40938.0,0,18024.709434646353
40939.0,0,28752.60008222957
40940.0,0,21619.822667770146
40941.0,0,21682.65432306983
40942.0,0,26478.691976304515
40943.0,0,33491.510090686745
40944.0,0,22875.211579914714
40945.0,0,18533.573028998933
40946.0,0,29399.23302253335
40947.0,0,25735.00554405125
40948.0,0,35736.08003032338
41001.0,4,0.0
41004.0,0,6618.037046246628
41005.0,0,5189.856636326511
41006.0,0,8320.767270328717
41007.0,0,10442.477543256144
41008.0,0,5876.130144918267
41009.0,0,15700.165241080578
41010.0,0,11106.677544671506
41011.0,0,5977.371851096508
41012.0,0,12781.08379328481
41013.0,0,10728.686497772353
41014.0,0,5664.516186031526
41015.0,0,5999.748899690738
41016.0,0,7499.307490238313
41017.0,0,11590.757125823257
41018.0,0,8568.537254704352
41019.0,0,17367.956568273104
41021.0,0,11452.18570711163
41022.0,0,9800.566640977506
41023.0,0,15586.258494985805
41101.0,0,41563.55825524546
41102.0,0,35486.66164306684
41103.0,0,41175.15841938739
41104.0,0,40982.88566516107
41105.0,0,39309.49005396631
41106.0,0,36173.29527154366
41107.0,0,37093.711829316126
41108.0,0,38294.02527435176
41109.0,0,31034.955550850234
41110.0,0,39670.98653513931
41111.0,0,37634.24957521372
41112.0,0,35988.79520589463
41113.0,0,35059.884748876466
41114.0,0,35294.13782029738
41115.0,0,30467.081526099457
41116.0,0,33056.59827368058
41117.0,0,39142.01075290306
41118.0,0,37092.26335005677
41119.0,0,36483.50891970693
41120.0,0,34753.01415290982
41121.0,0,36581.318238855405
41122.0,0,40444.717251164824
41123.0,0,39963.85125516628
41124.0,0,38776.77444840923
41125.0,0,32861.96331963788
41126.0,0,39820.90607574576
41127.0,0,38376.82362364038
41128.0,0,36126.80420676685
41129.0,0,33261.0368625641
41130.0,0,32855.43418847263
41131.0,0,29224.872268147796
41132.0,0,32010.340749722494
41133.0,0,39074.08493530267
41134.0,0,36150.673972377524
41135.0,0,38640.337697464136
41136.0,0,34580.83492650241
41137.0,0,39981.9042329642
41138.0,0,30662.20794056563
41139.0,0,38240.4807897447
41140.0,0,36836.829252826356
41141.0,0,34975.573003170655
41142.0,0,35622.04965314067
41143.0,0,33972.62514823403
41144.0,0,37229.87535554919
41145.0,0,41185.594964552605
41146.0,0,32469.905584537188
41147.0,0,34513.10661127901
41148.0,0,37995.67933625004
41149.0,0,39255.97985616489
41150.0,0,42059.5948775418
41151.0,0,39453.73986592155
41152.0,0,38482.43153026565
41201.0,0,26589.10953270737
41202.0,0,26460.64267790716
41203.0,0,16768.428523679057
41204.0,0,34036.12587053627
41205.0,0,24604.688747293032
41206.0,0,37362.45447386417
41207.0,0,14473.021011985194
41208.0,0,24164.829289148758
41209.0,0,19552.732284473685
41210.0,0,26552.01986711389
41211.0,0,27217.02437598999
41212.0,0,32978.88085184734
41213.0,0,14765.838588393837
41214.0,0,18025.70234219125
41215.0,0,29883.618893261544
41216.0,0,19021.40493118726
41217.0,0,36309.796691406285
41218.0,0,31595.572032564796
41219.0,0,14496.420560860373
41220.0,0,27463.206671492288
41221.0,0,28433.08410642601
41222.0,0,21264.169176648982
41223.0,0,29854.393748476705
41224.0,0,30351.78577779863
41225.0,0,17423.77454343419
41226.0,0,24702.3302667451
41227.0,0,32926.183466215865
41228.0,0,39931.101879798036
41229.0,0,21771.45696256003
41230.0,0,32297.047616310563
41231.0,0,21739.616020269623
41232.0,0,20460.797124735458
41233.0,0,27441.9566969397
41234.0,0,21324.765447834587
41235.0,0,23662.00078078697
41236.0,0,23127.287509767866
41237.0,0,34895.34833259478
41238.0,0,30817.254119636604
41239.0,0,29049.0134035422
41241.0,0,32442.096661267202
41242.0,0,19430.37980264829
41243.0,0,26363.05676615399
41244.0,0,24107.238791843534
41245.0,0,19361.66003905518
41246.0,0,36831.718705559004
41247.0,0,16867.54941183622
41248.0,0,30909.885892851773
41249.0,0,29223.678633520485
41250.0,0,27103.07549158706
41301.0,0,7761.946953446299
41302.0,0,3471.3891933919285
41304.0,0,3216.8147327044935
41305.0,0,7348.373670687409
41307.0,3,0.0
41308.0,0,10468.032032849795
41309.0,0,4061.9057424795674
41312.0,0,6171.617094657897
41313.0,0,12474.224469149343
41315.0,0,15837.474245296138
41318.0,0,9046.48897514813
41319.0,0,16580.471844131327
41320.0,0,10271.455701756644
41325.0,0,9313.692035374377
41401.0,2,0.0
41402.0,0,12718.975480631309
41403.0,0,16387.9153171323
41404.0,0,19859.145423810474
41405.0,0,15813.403565879977
41406.0,0,10483.253753845655
41407.0,0,13374.986391374723
41408.0,0,14304.71765657725
41409.0,0,18261.956390771593
41410.0,0,13915.47673717091
41411.0,0,3973.2730276078055
41412.0,0,5823.892741324067
41413.0,0,19830.68018357523
41414.0,0,11819.83258128079
41416.0,0,16121.27355671374
41417.0,0,15491.629868137854
41418.0,0,10639.011663323192
41419.0,0,6898.174029813533
41420.0,0,16516.706738621713
41421.0,0,5046.038195622054
41422.0,0,17527.22151510994
41423.0,0,15317.707916672869
41424.0,0,5512.631807166298
41425.0,0,17397.42685218187
41426.0,0,18370.955042838017
41427.0,0,18072.019900590636
41428.0,0,18584.52797161246
41429.0,0,18192.395551675396
41430.0,0,19970.943738431444
41432.0,0,16851.997796440548
41434.0,0,14736.035412397921
41435.0,0,18980.773122413193
41436.0,0,18757.21747380537
41437.0,0,13854.022463983049
41501.0,0,18776.087912795174
41502.0,0,22072.74454924838
41503.0,0,18892.034883692933
41504.0,0,11745.803122488489
41505.0,0,28163.44044857652
41506.0,0,28858.309791734435
41507.0,0,17426.936834247044
41509.0,0,21013.115445781914
41510.0,0,20786.287173937024
41511.0,0,28452.528072472775
41513.0,0,28644.678084961564
41514.0,0,21758.212889654224
41515.0,0,25678.435006153533
41516.0,0,24254.051700781467
41517.0,0,21427.816440381856
41518.0,0,14160.618261367117
41520.0,0,24750.175163694345
41521.0,0,30865.38964779064
41524.0,0,17946.51678554134
41525.0,0,26552.10378034241
41526.0,0,27306.189264780733
41527.0,0,15819.001584785841
41528.0,0,23284.134632137528
41529.0,0,25345.552556929226
41530.0,0,13333.376182260794
41531.0,0,20602.26258555212
41534.0,0,17230.769782543513
41601.0,0,19340.631270164715
41602.0,0,29599.777472445687
41603.0,0,27601.415955215605
41604.0,0,21071.82000898179
41606.0,0,26974.09196352217
41607.0,0,26720.175794462506
41609.0,0,24684.859336862053
41610.0,0,37579.14211417491
41611.0,0,19277.201483677552
41612.0,0,33357.01401945629
41614.0,0,19562.96085409255
41615.0,0,20185.538343891032
41616.0,0,32079.207461345442
41617.0,0,18397.909717312123
41618.0,0,13543.304371962522
41620.0,0,22497.993945012982
41621.0,0,36086.93784110959
41622.0,0,25367.75309293187
41627.0,0,16580.671559805636
