ID,distance,reichsbank
1,126411.10237946692,
2,119579.60393227015,
3,121018.49353977872,
4,129857.87298667172,
5,116037.72611455586,
6,122748.3991116715,
7,124779.302513552,
8,115154.22887861256,
9,128078.53786074091,
13,163452.61041196124,
14,123481.74579011161,
15,113108.82898171581,
16,126297.35249197888,
18,127645.4547467355,
19,128008.95216422672,
21,105590.97807893922,
22,132271.6149116237,
23,130358.48991473984,
24,133956.06568633555,
25,117312.99439999084,
26,126012.3358539191,
28,113173.42131485036,
29,110375.75264235222,
30,122662.1069856366,
31,125280.79740033152,
32,108052.6123029454,
33,123737.33879530863,
34,129383.2472109645,
36,135370.89004751472,
37,128101.21313497183,
38,119199.71948025076,
40,134301.31888702718,
41,113079.39924376016,
42,109626.96545470989,
44,117555.51534264056,
45,134976.71546878575,
46,124784.62453759741,
47,122867.82708235791,
48,125254.43951585601,
49,128034.86846218929,
50,121289.83146107815,
51,110804.27577672496,
52,121717.6247344011,
53,130181.28714369414,
54,113247.89641722666,
55,129202.9060692327,
56,127690.30757828034,
58,122798.87656328363,
59,112293.96698276578,
60,122181.73507002693,
61,113531.46378060526,
62,105774.18445902028,
63,116786.17697286025,
64,117409.37280399751,
65,112259.97242291005,
66,122857.86237607233,
67,108766.6599831361,
68,122369.62182081587,
69,111485.45800556477,
70,124431.50963285373,
71,119312.75286526424,
72,125202.96635264641,
74,115238.33581530972,
75,105900.75979281278,
76,108287.42735434114,
77,122471.82341134205,
78,112373.19083089464,
79,106550.88430128589,
80,109195.03885310564,
81,114636.98130983349,
82,125577.94199643734,
83,119158.18496752062,
84,111798.39829883438,
85,116954.98636614962,
86,115793.00368784995,
87,127044.0351646742,
88,124470.3376158651,
89,125530.9558752709,
90,116356.14022685339,
91,115242.95953582626,
92,124123.86750327762,
93,122374.08273091773,
94,125453.36657236221,
95,118937.4760640147,
96,120661.32040535597,
97,120486.18018588913,
98,118687.89712864016,
99,127423.822810191,
100,115051.56124093739,
101,110765.97040046434,
102,118583.01025936348,
103,117921.45650735316,
104,120495.39765528428,
105,117260.91840267448,
107,123297.73100570767,
108,127524.48196832986,
109,123194.89441728844,
110,117695.8533445432,
111,132682.05903780254,
112,114177.44503328906,
113,114180.09971853376,
115,117565.59125683618,
117,129893.29173495685,
118,125535.73827853227,
119,121696.70583078307,
120,114720.25922871541,
121,117897.06329431082,
122,117299.81768881554,
123,124204.20903504467,
124,122381.56294007479,
125,121360.3407613064,
126,115703.48419500966,
127,113412.09799286495,
128,113214.39445757505,
129,115493.64037262482,
130,116633.82314602225,
131,115046.71909372672,
132,121221.99398573134,
133,127850.04754527411,
134,128277.71354984817,
135,118798.90115322883,
136,124101.79127796384,
137,125688.1501353634,
138,119963.83103281308,
139,126396.25257147998,
140,122787.85930010733,
142,123101.71736358029,
143,89214.29872724848,
144,91325.83606529166,
145,93099.93832433298,
146,95764.89961233201,
147,91560.17281028989,
148,83413.09607861383,
149,84430.70897730468,
150,80594.57597490477,
151,81501.07914606879,
152,82862.7373833853,
153,81090.86726033404,
154,89869.79777175699,
155,83925.804057798,
156,94129.21086738167,
157,83318.43035311157,
158,87117.79897524606,
159,84756.91566752814,
162,79314.66667195327,
163,93612.73133438364,
164,86052.02044418351,
165,95061.85502930758,
167,82217.6094038289,
168,96314.28673437389,
169,77834.62032778088,
171,91960.59879483162,
172,93845.75419703608,
173,90824.28355724519,
174,95791.70015453966,
175,90574.67483648779,
176,94631.32457245183,
177,96623.31686485835,
178,94045.64648369426,
179,97749.17187868536,
180,100040.51259967711,
181,99269.40605780913,
182,96842.77251611155,
183,96376.78010205818,
184,93946.08287332293,
186,83516.98356196829,
187,98788.95520695692,
188,86503.90332387542,
189,173146.89895943739,
190,188492.29828842648,
191,179117.51559531453,
192,172558.30692495513,
193,175367.20691001753,
194,172645.52436986822,
195,167265.37533316095,
196,172314.28437574574,
197,175556.13114014035,
198,169433.42530186454,
199,169383.8514313453,
200,171609.69726019085,
201,171297.77817562106,
202,174396.04624588622,
203,184297.0133110726,
204,176021.1829389876,
205,170480.39495640004,
206,174451.8437911867,
208,173931.54791503993,
211,178659.70352274872,
213,173064.0098596149,
214,176286.65630407096,
215,169121.52124489832,
216,181033.0503065103,
217,180840.96912336056,
218,165142.535206428,
219,175504.74218404497,
220,105917.72544468418,
221,115919.22227909944,
222,110873.55500462838,
223,109113.84391994184,
224,108631.57585254108,
225,99357.56966518408,
227,102324.765112942,
228,105507.62791704145,
229,101629.42881952914,
230,100964.69061249624,
231,106720.19362192071,
232,104661.27684026021,
233,102926.67892281512,
234,97155.60887329644,
235,100525.7771536809,
236,104972.724802137,
237,108211.08994360825,
238,110842.27581378726,
239,103890.58462092184,
240,106310.17355883979,
241,104118.98321046376,
242,98455.62518895115,
243,96905.95169248743,
244,113590.72794093603,
245,114652.85061258919,
246,113826.48696142869,
247,110374.23243292948,
248,112943.76583481622,
249,103007.66939361529,
250,103849.37448424478,
251,99629.78940055588,
253,110604.65574440752,
254,114579.84571145623,
255,108418.3455212087,
256,104712.42472921986,
257,111465.47806089214,
258,100919.29310015276,
260,112604.74575249063,
261,106198.0853791811,
262,110301.84717998978,
263,103338.22824682125,
264,103819.63983903518,
265,105417.46126781523,
266,109567.8312909644,
267,113725.09056061824,
268,101367.86381920465,
269,108370.72570343428,
270,102259.94840868423,
271,110885.04773174512,
272,116145.2783291017,
273,108305.46228443357,
274,102669.20851848547,
275,101407.32824097731,
276,115553.18644034123,
277,113836.18625534729,
278,116156.7918070593,
279,112984.94185015997,
280,102793.84356313122,
281,104398.40883273348,
282,108590.1360598165,
283,108490.89273253747,
284,111678.08655224503,
285,106362.32626122645,
286,107095.04699757119,
287,110282.52300470388,
288,107156.75772103426,
289,110888.65899425789,
290,104775.42357919615,
291,111653.98385217895,
292,104939.68653438754,
293,109291.37619440195,
294,105172.75843347405,
295,106380.93122646453,
296,108424.51698860018,
297,114954.01879344264,
298,99976.89009849429,
299,107528.19507456101,
300,105648.35007990961,
301,113196.90580122432,
302,105491.67293460807,
303,104745.16897855831,
304,105882.03320842709,
305,117293.87993703074,
306,123473.80106203059,
307,115835.97567333358,
308,112981.76870098042,
309,119983.81907418638,
310,112149.30112076324,
311,109100.19964048835,
312,106503.67117021377,
313,108691.99605395141,
314,105613.68319386824,
315,120031.73364260279,
316,119233.79732001749,
317,122054.68661512317,
318,108213.29711554067,
319,115695.10537504962,
320,116662.3385617484,
321,111135.97230887199,
322,117203.79201018163,
323,114599.55155948746,
324,113194.23476553753,
325,110276.9398299432,
326,105705.84912357824,
327,121787.39696387174,
328,110846.27818792222,
329,120960.64640848592,
330,114772.37082591752,
331,119320.04996806673,
332,116820.10208527012,
333,128133.17975315722,
334,107374.50163925295,
335,124798.97017390539,
336,126734.36233513975,
337,115246.84223902911,
338,113018.6568982055,
339,118669.35444534807,
340,119191.37691624595,
341,106641.50630325422,
342,109018.23883460312,
343,169814.65972097532,
344,139304.16351080517,
345,156084.83951896252,
346,160714.37378894433,
347,154082.7780827992,
348,166957.12208573945,
350,139994.40225676505,
351,154580.48129157498,
352,145475.433179749,
353,158939.40059111922,
354,156058.9281479665,
355,152662.16807792665,
356,153793.298468668,
357,147048.55407606554,
358,142820.49981182397,
359,157424.59619471215,
360,145051.2053325449,
361,163670.3037258734,
362,165418.29929868472,
363,131114.52396524316,
364,153738.942148533,
365,151496.2190027295,
366,166582.60874908653,
367,148530.1474914704,
368,150175.25766934155,
369,157705.31802173922,
370,148607.61093038347,
371,147797.92808531018,
372,152176.1781890599,
373,137019.0671251988,
374,164236.15145382573,
375,142520.80997511678,
377,165751.6965180537,
378,148029.74417542122,
379,161671.79252390048,
380,153557.9458190458,
381,167070.25537252144,
382,151334.13260158652,
383,133439.45774081512,
384,171167.69930628457,
386,158274.81283425132,
387,164630.17178326083,
388,153713.3135953157,
389,170025.94194377473,
390,154079.32429172104,
391,152145.97081660305,
392,149331.5073102716,
393,160088.32455904988,
394,142443.78341740542,
395,160416.92498514315,
396,158132.18914796037,
397,157913.44596306625,
398,151692.7225337299,
399,155544.4187258244,
400,132932.25437801605,
401,135170.3642909466,
402,157036.15802585217,
404,144247.98766443486,
405,171192.36685930405,
406,142379.98556267732,
408,168536.66546983714,
409,155304.7271852844,
410,161437.84605207504,
411,145470.4932141033,
412,155039.6143819108,
413,145441.56658378334,
414,140506.03817438573,
415,169591.89882985025,
416,148464.63308118976,
417,149959.30054739633,
418,158802.2915200553,
419,158886.87951464733,
420,158812.57520727025,
421,149893.2980797762,
422,150420.78815824116,
423,170749.09916327219,
424,164567.5990925388,
425,167745.407940125,
426,168607.70119311288,
427,158199.3350119436,
428,137742.15545525664,
429,152026.37579108952,
430,168167.9696457176,
432,150146.0038098687,
433,152587.42328282908,
434,164650.69115944538,
435,157215.67810037965,
436,147061.6493074434,
437,163478.49748201136,
438,145773.63949425577,
439,155773.7839416261,
440,148604.39020791245,
441,139400.09183047194,
442,156484.64509732698,
443,160199.4319543438,
444,156024.25979547936,
445,147579.68329934668,
446,135410.92854402724,
447,162238.73861967807,
448,158562.66196262182,
449,161253.12877313013,
450,150050.0336792271,
451,148101.34454450518,
452,157325.4441774033,
453,145611.80912753983,
454,147872.63137897878,
455,159469.1770392503,
456,156252.80831942934,
457,163574.93442085446,
458,144521.168807575,
459,147666.37523763507,
460,160060.74063631214,
461,143467.78907753507,
462,149180.30673427705,
463,157985.26056381615,
464,154319.80571596618,
465,141234.84474257365,
466,151045.46562588675,
467,148033.0386609821,
468,154823.72607468278,
469,163828.95536119517,
470,161120.14394364652,
471,147899.35411495453,
472,149987.912474611,
473,159518.72023692742,
474,162003.64789285508,
475,145955.76411169037,
476,149253.58888957842,
477,147358.5304549625,
478,148643.7818439189,
479,154658.16609760997,
480,147014.36426269912,
481,150478.33339498847,
482,142201.6387000576,
483,152544.6678957149,
484,153549.1135804569,
485,161029.78034109093,
486,144634.8732157111,
487,151700.6615443388,
488,145421.2751647373,
489,152459.29731895291,
490,147492.2006060427,
491,149803.72294359206,
492,153654.05100634144,
493,147045.42501021177,
494,157483.84275471172,
495,169647.58728318254,
496,165874.2128692274,
497,156228.7685139085,
498,166988.37943118665,
499,158974.64971276198,
500,164254.61215355052,
501,144222.84568533153,
502,147884.6040158953,
503,157236.74365449327,
506,151239.22121375287,
507,161967.0808936555,
508,146217.73244738614,
509,149101.10611208857,
510,160670.2086293476,
512,151515.23587779788,
513,167987.35856778303,
515,154929.05663485386,
516,158247.32319303651,
517,158546.85933540922,
518,156924.01435513294,
519,165273.85216466727,
520,155029.54331987342,
521,151999.27501789713,
522,157552.97568028286,
523,166293.86368862452,
524,164807.0794689987,
525,158920.65381399338,
526,167154.07896616706,
527,156851.91757107986,
529,167692.17671245756,
530,162258.21465338147,
531,152518.17624413988,
532,170097.8787919888,
533,165695.98542021948,
534,162967.74826117783,
536,140166.65141760575,
537,140831.38442066955,
538,155357.57491484447,
539,164483.3214535335,
540,160736.89784169392,
541,165719.48692649318,
542,161809.0147257326,
543,148128.0999731339,
545,164281.6589412772,
546,159164.979882279,
547,145724.63976848192,
548,144312.65427592848,
549,161900.32895661407,
550,163069.3867667983,
552,150549.11318261764,
553,149290.37633523508,
554,160495.82392038227,
555,162877.81589614984,
556,150618.89493932526,
557,151696.25376648584,
558,120689.34827159543,
559,99730.40609938376,
562,117427.44804691429,
563,114839.2835467166,
564,111300.25807894566,
565,120604.64914705213,
566,106550.78564888843,
567,100989.07859467498,
569,109532.660398468,
570,103764.86166342975,
571,119992.25960335495,
572,122373.35671241238,
573,109999.05995193013,
574,113626.31319309365,
575,117180.02403359955,
576,113445.00030890749,
577,114533.602550921,
578,112050.6126403645,
580,103564.5240574389,
581,101736.84483314745,
583,118713.41089839622,
584,117368.47234678024,
585,116185.8389824731,
586,108466.45440372471,
587,114891.03096318044,
588,102306.8559291946,
589,118689.76444954675,
590,112667.49924100688,
591,142769.7631500098,
592,133196.06722992245,
593,139124.6605951252,
594,136043.85328577232,
595,139376.35703202174,
597,135714.18449151807,
598,127285.74739828217,
599,139695.37809542322,
600,130134.64293822067,
602,129657.87077388636,
603,133033.49740534247,
604,130014.60811856964,
605,144158.47745926154,
606,137441.77022175558,
607,137581.92790185183,
608,130466.4417644977,
609,132209.8057082663,
610,135291.60504507035,
611,132913.89722904516,
612,135365.36141057024,
613,141091.2464638772,
614,138271.60324920985,
615,126825.56836965455,
616,127218.1497968929,
617,141631.80746611272,
618,135730.03224116706,
619,127726.76681462128,
620,128832.92444953183,
621,145092.56197580745,
622,146359.39242400316,
623,137687.83006808299,
624,128144.54367918926,
625,130037.45211392762,
626,136452.98949046145,
627,129690.63438253952,
628,135768.4750564736,
629,132980.17326601958,
630,134777.73119199285,
631,138869.548772971,
632,132758.36459708572,
633,139889.30547114156,
634,183434.1119978587,
635,191164.74571283368,
636,195358.73613904082,
637,192336.34094580516,
638,192813.78186220297,
639,187964.87688345864,
640,189502.28413133085,
641,194376.0984381464,
642,191190.55013086603,
643,194017.79869434534,
644,192382.46778102557,
645,195758.66077712135,
646,188519.7502324948,
647,184251.31677654767,
648,194917.49410230227,
649,186372.91235415637,
650,191762.8025826956,
651,188196.40238774015,
652,183817.02693978793,
653,188470.3649982677,
654,186071.9812162224,
655,194329.27887171597,
656,190924.14209154664,
657,195618.14283992443,
659,194408.03530385433,
660,189907.11296269455,
661,195600.1084032164,
662,192664.48705385512,
663,186292.69736510696,
664,189650.48861716696,
665,190521.16531960148,
666,184154.86068659896,
667,188961.01602727175,
670,191666.24808392982,
671,192423.28915494023,
672,188737.5386688557,
673,186217.50535924977,
674,194327.4055242708,
675,181350.52453691314,
677,184148.37993255394,
678,177647.7502440291,
679,190699.64397773144,
680,189443.8227785281,
681,176364.59973782452,
682,178343.07511895796,
683,177640.0051986762,
684,182410.11196744227,
685,184284.21315114963,
686,179998.98620269238,
687,175124.9892996128,
688,185901.0416032341,
689,179681.42265472873,
690,179325.6990600651,
691,176393.72929494496,
692,184909.62889661943,
693,184007.81553770555,
694,178977.70129904844,
695,180888.82743441348,
697,192527.52748894235,
698,187154.47417448575,
699,176322.85692038163,
700,176728.49748852523,
701,182229.88168794502,
702,187707.59794225197,
703,181928.9393544783,
704,181146.95311113753,
705,178231.54500458163,
706,140153.85209233023,
707,132738.36652651723,
708,139036.39771648493,
709,154171.31926691314,
710,149187.94609556446,
712,149964.69735750317,
713,137002.07641274095,
714,138444.3518344044,
715,130700.43878710413,
716,130300.08206392088,
717,142935.95176693477,
718,132842.0226388914,
720,146938.2350111591,
721,145910.14808488757,
722,134505.79712500668,
723,137486.22553282956,
724,145997.3047743456,
725,140366.7925505304,
726,151937.25853933042,
727,148083.7375536621,
728,140623.70529010682,
729,140188.93210379136,
730,136759.280906942,
731,142675.33361999624,
732,153107.9088543918,
734,131735.30552039132,
735,146430.60656636534,
736,136084.18553313083,
737,136825.27702917173,
738,142956.4529176278,
739,148606.84755698082,
740,131334.66348277815,
741,149246.80894168012,
742,134664.9571182251,
743,134492.493782571,
744,140716.14693023605,
746,130201.07399786847,
747,136500.1026035229,
748,140456.7254903562,
749,142096.30019712506,
750,106748.3190325602,
751,106242.40417835975,
752,108231.36574977853,
753,109839.65761356168,
754,107896.82495900622,
756,103766.36969471797,
757,105701.85183804094,
758,111132.13686412391,
759,108891.5311363096,
760,105312.88022785795,
761,101901.55409920032,
762,104524.45921108847,
763,109664.63198669605,
764,109999.87621205351,
765,107080.5887299825,
766,104719.3414648033,
767,107647.24193200792,
768,106361.55936774626,
769,105317.96967614155,
770,109651.29039802984,
771,120101.97952788637,
772,120254.98149000404,
773,121267.06508909231,
774,127449.75232498132,
775,113058.92287431909,
776,122315.62830903401,
777,123075.56731482367,
778,124330.03700727469,
779,116670.97715524738,
780,118496.78516033257,
781,125484.18216242811,
782,113356.71817778583,
783,114631.64051042321,
784,121412.02179322911,
785,117523.12201832901,
786,118098.74124447766,
787,124014.75077415192,
788,123311.45310409358,
789,126147.8800116876,
790,112037.34814275378,
791,125717.79005424143,
792,114599.02507862462,
793,122495.37334321767,
794,114508.16947282359,
795,118176.82721169769,
796,119294.47426024271,
797,116555.88211832082,
798,116315.61962757494,
799,123944.53108849216,
800,119901.2450185493,
801,124116.1970113668,
802,119655.24368269037,
803,110578.55538856093,
804,120287.23546082304,
805,119754.32573464277,
806,115523.84259001672,
807,116040.70824927975,
808,122586.74308034293,
810,163430.67148737714,
811,179472.4746893261,
812,157096.39723725832,
813,174187.25679299398,
814,186167.77036148106,
815,173405.28584357226,
816,160144.93513723413,
817,165015.99837932017,
818,172061.92005790118,
819,157107.71003298275,
820,168109.7217572737,
822,170838.53243664958,
823,180050.93681549505,
824,166824.73758753535,
825,178264.04740615303,
826,187405.27946362479,
827,172771.93528438202,
828,180096.7070656542,
829,177539.74868573932,
830,176913.56696479867,
831,168044.3033366208,
832,169394.6159537774,
833,160172.052365477,
834,174761.09083066162,
835,167456.74265705456,
836,174702.72972836043,
837,176712.65270569167,
838,179952.11458934308,
839,170167.29121645505,
840,182517.78244353776,
841,184708.91102053635,
842,159550.84236378007,
843,170015.64333281122,
844,182301.89659344443,
845,171322.8567785551,
846,161537.52385810812,
847,173121.52917222906,
848,174355.22159029057,
849,172043.95401280536,
850,178078.86340546704,
851,181787.32303925543,
852,161175.1567818122,
853,166776.87205337346,
854,176407.4287129548,
855,163567.9573371649,
856,157590.39536423155,
857,164265.40921084248,
858,163130.50271782881,
859,175835.6737422926,
860,180892.98024662235,
861,167696.34636463562,
862,181933.2442501917,
863,162428.36407240364,
864,175368.8734209091,
865,178744.08108861643,
866,175115.66213020025,
867,172475.93694762627,
869,172553.10447045558,
870,169191.00883564187,
871,162890.32289902406,
872,175359.88166453995,
873,173770.75743002657,
874,165750.09237852585,
875,174814.08519611537,
876,171785.00317194298,
877,172534.50802509979,
878,178833.07713981517,
879,170795.33508367318,
880,173517.47993340748,
881,169949.72079977245,
882,166941.93491546542,
883,169896.61056652412,
884,166554.28756158773,
885,162982.90389606595,
886,167873.0536160341,
887,164749.4191604826,
888,160558.90891219457,
889,171413.60684349452,
890,172169.3861111033,
891,168402.6364655429,
892,172432.82627956045,
893,132333.0132391276,
894,142936.2371931029,
895,133233.98811603786,
896,132909.68874185864,
897,137809.90085929108,
898,145956.7729739486,
899,148193.56345579438,
900,139280.90779982624,
901,133191.33166413233,
902,149245.2381587957,
903,135387.7273295164,
904,142050.07067155524,
905,136887.34093662203,
906,144017.56613343727,
907,134895.6411972338,
908,134256.59483966764,
909,146655.60449969862,
910,127087.14906737261,
911,138673.2320118863,
912,139839.05690406339,
914,145979.57032127725,
915,146465.01747900108,
916,137789.99529118152,
917,137040.81536800615,
918,130589.392358961,
919,125494.32864197074,
920,120087.25460824797,
921,119998.9765580676,
922,107671.2901908547,
923,115477.78877307235,
925,124574.11317316034,
926,119527.44961044544,
927,121770.37236890297,
928,119367.35649531204,
929,129314.95671734399,
930,105348.44273195595,
931,111085.02872069085,
932,115134.60165563313,
934,109006.00100780222,
935,125098.31748765023,
936,121838.20159214466,
937,113547.77004439392,
938,116338.85025096264,
939,102544.63181906867,
940,107767.60945990286,
941,105217.68839829297,
943,126830.47793988053,
944,130280.95463570634,
945,39224.23061818816,
946,34421.17201049522,
947,30375.18417116442,
948,34386.07179068716,
949,37598.217810609676,
950,41431.63883939544,
951,43928.46370065675,
952,31286.77455521226,
953,37076.45545208411,
954,42844.732461389416,
955,28029.508679095878,
956,23236.221378474995,
957,36938.1896344818,
958,39363.139836498616,
959,42119.60803311028,
960,37202.683215062905,
961,41726.93147060457,
962,39020.1108872922,
964,42326.194582618635,
965,26123.328857252785,
966,46200.65137130974,
967,29812.138178998826,
968,45659.81088913885,
969,41610.374414800484,
970,46265.30583222798,
971,55562.230910119906,
972,39949.04970480226,
973,49910.82505183984,
974,30982.39277085756,
975,27218.007581274014,
976,46108.06604132111,
977,49332.322263064845,
978,43105.36046935631,
979,56524.78890309971,
980,48058.28449697669,
981,49466.79694008523,
982,45013.48676330762,
983,29011.5785426421,
984,44073.46686726615,
985,32477.452266509226,
986,41490.28274981842,
987,52794.537758790844,
988,35950.22139066385,
989,50859.58640356198,
990,54254.28471365011,
991,37643.447038740385,
992,34473.22203548303,
993,37121.69446072561,
994,54404.03460024897,
995,58371.4392903176,
996,41975.33150456202,
997,30459.33877867706,
998,42449.64793974447,
999,48812.040906984264,
1001,45237.30409447264,
1002,52132.687500290056,
1003,38929.74703394511,
1004,101401.95386882826,
1005,94101.7709250354,
1006,107924.39608105461,
1007,90609.1449874808,
1008,91259.91830463351,
1009,95297.41943901544,
1010,90589.16264928586,
1011,90898.04604705637,
1012,103206.88255604227,
1013,100322.97811526035,
1014,102508.01221999398,
1015,99176.52194297551,
1016,100957.49684250016,
1019,100602.54994840502,
1021,95849.30968261388,
1022,92482.94015875,
1023,97248.1893520991,
1024,103411.63579870448,
1025,93694.9594551232,
1026,87891.1035099239,
1027,101456.15050718065,
1028,94208.81591750214,
1029,98853.44640197554,
1031,95024.55034750159,
1032,104916.67493782811,
1033,101124.12141699194,
1034,96421.50871749884,
1035,95477.25472955932,
1036,98921.90592055058,
1037,97539.64715027208,
1038,96244.46585865867,
1039,97170.20611313339,
1040,88229.51637307313,
1041,94490.22120652192,
1042,99081.94162414409,
1043,97710.95692675888,
1044,87550.10752309894,
1045,93783.38851738683,
1046,105856.62845267312,
1048,103142.11786398663,
1049,91439.20912879224,
1053,62734.712887076246,
1054,55700.24664018984,
1055,66651.496425475,
1056,65524.42047701646,
1057,59748.83710359503,
1058,64797.39356491911,
1059,60706.818546014234,
1060,58095.48097574762,
1061,69885.51930637052,
1062,68788.50007994018,
1063,71090.76592839617,
1064,66238.49980652895,
1065,62696.456390544845,
1066,58811.24117520274,
1067,65060.62984917591,
1068,65384.06282740783,
1069,64214.6519853534,
1070,62166.82487954295,
1071,61298.95211473831,
1072,66935.32514015023,
1073,67315.33695240262,
1075,61396.88665639332,
1076,52194.16765767751,
1077,55645.2239982556,
1080,61182.91209175103,
1081,67384.2025996264,
1082,54747.99230709694,
1083,54275.01212836531,
1084,54131.383399493076,
1085,58753.763653177084,
1087,58574.74645214489,
1088,56695.04671609348,
1089,47467.46837955964,
1090,52638.607004524136,
1092,59313.060251556824,
1093,58847.479968877386,
1094,59102.1642202107,
1095,57850.030395164045,
1096,56169.14332251954,
1097,52044.23806963043,
1098,52988.41088394505,
1099,52127.305623231674,
1100,55079.83986509078,
1103,50650.40207991051,
1104,60502.033564822465,
1105,58663.05376430982,
1106,49259.54326779014,
1109,46308.33257170585,
1110,40312.79906011976,
1111,48478.045336890296,
1112,51718.525028879034,
1113,54471.72706193167,
1114,51959.75642667998,
1115,39882.72982399767,
1116,45059.09002558634,
1117,54591.770189168434,
1118,48891.531793567294,
1119,42782.44883230383,
1120,42918.042109697126,
1121,48145.17672887847,
1122,49377.70215842161,
1123,49328.65035781873,
1124,46334.56456100227,
1125,59883.248990550084,
1126,41088.254711359245,
1127,48450.784649731846,
1128,62515.400669937815,
1129,48650.6529188329,
1130,46898.808062736796,
1131,55044.55031214578,
1132,50287.15601930684,
1133,40622.91722945944,
1134,52879.779485491636,
1135,39572.88737520516,
1136,50114.98668299518,
1137,51433.86181889052,
1138,45085.89632877874,
1139,48491.74342576435,
1140,46413.05883033039,
1141,57041.04972456734,
1142,50997.7548803615,
1143,47133.64905719542,
1144,83701.03672585016,
1145,75619.62875457993,
1146,76279.73276638029,
1147,78163.45868983158,
1148,79920.47367873481,
1149,74331.8841615962,
1150,79012.0828116986,
1152,81756.9262365805,
1153,74352.68026663833,
1154,75985.80869105009,
1155,71091.49147949481,
1156,80251.20303636527,
1157,76160.42993945366,
1158,86121.86849092541,
1159,68753.26166821366,
1160,79334.02943228104,
1161,80825.283803596,
1162,76911.77824078803,
1163,74054.73813604964,
1164,89053.18523365748,
1165,85682.73668118405,
1166,77920.4623270575,
1167,78338.7810238288,
1168,74578.77144312391,
1169,71330.62300154644,
1170,74692.2506830172,
1171,79915.9053658678,
1172,76883.76116918902,
1173,78628.89104575089,
1174,73586.64137777552,
1175,76629.62921062538,
1178,82885.35502582885,
1179,82058.1837859242,
1180,77331.58759698947,
1181,74144.15495756987,
1182,73316.43230988487,
1183,84264.27259375808,
1185,77766.02817264647,
1186,92347.64105239176,
1187,79049.69209088242,
1188,78748.51841645162,
1189,72260.67920368457,
1190,71395.740979932,
1191,78342.96660926584,
1192,85179.8580044261,
1193,74242.5697238464,
1195,32067.01317683264,
1196,38228.60613174517,
1197,41766.4985326231,
1198,35931.19767098244,
1199,43205.163144908845,
1200,39256.92076616706,
1201,37878.392915637596,
1202,50841.96962944286,
1203,36427.61077798749,
1204,47350.52547437743,
1205,38722.95269068089,
1206,34191.81336776671,
1207,34648.41711602814,
1208,42001.617335859555,
1209,44676.06957057222,
1211,37990.16556166311,
1212,32606.300369020704,
1213,43704.44779287995,
1214,26799.884276952398,
1215,29924.947899244293,
1216,35267.017149958585,
1217,42265.6395147338,
1218,40348.395432996724,
1219,41020.47205427324,
1220,39445.587147908285,
1221,23378.964838090986,
1222,43770.84502475146,
1223,36547.119804909526,
1225,34039.72028268644,
1226,29130.065604587264,
1227,42735.54934578458,
1228,28361.872273312718,
1229,38922.35477264351,
1230,35646.40727946765,
1231,33398.01640658312,
1232,43164.52931896922,
1233,50145.310680291215,
1234,45810.11355625557,
1236,37907.758018978704,
1237,52388.0916786351,
1240,39116.66926995716,
1242,49835.57965932885,
1243,48239.54620567526,
1245,54837.16560219789,
1247,41608.26751816638,
1248,47044.584873589534,
1249,56380.38387829918,
1250,34039.5620550928,
1251,49635.15161757365,
1252,44189.61829736353,
1253,41462.461493550385,
1254,53053.71109188411,
1258,37817.84197298418,
1259,47643.341614643265,
1260,43843.92970947814,
1262,40278.649746452225,
1264,41295.129010841854,
1265,44366.7594277144,
1266,53704.933046864186,
1270,45040.63873040765,
1271,57872.10924398114,
1272,45381.24112260277,
1277,37216.57726575995,
1278,49609.98435274971,
1279,56610.70290218534,
1280,40346.61278510067,
1281,48102.76948339645,
1282,40919.69716527561,
1283,44994.33473617331,
1284,51154.50754400965,
1285,46872.02677278359,
1286,39826.13032266011,
1288,38509.37403174234,
1289,51852.61693980622,
1290,51197.73638775697,
1291,43521.757425315474,
1292,42420.990833795244,
1293,40583.20056944998,
1294,34966.945962808,
1295,46888.64610407423,
1296,48612.9280989395,
1297,50435.108945015796,
1298,43900.31589828294,
1299,35528.07046026972,
1300,37408.6786790676,
1301,35443.462669529414,
1302,34701.14134673913,
1303,37678.04286147455,
1304,37538.48389910642,
1305,42285.45996834044,
1308,38953.34539239054,
1309,36365.007076749695,
1311,47244.61080659057,
1312,46983.32576982149,
1313,36278.590393302366,
1314,34003.0163584857,
1315,33208.24963267687,
1316,41374.68586600763,
1317,34597.38501699131,
1318,37361.50748188412,
1319,48594.84773961207,
1320,46477.927312371095,
1323,53709.20967749676,
1324,57165.07876514934,
1325,65094.84615915168,
1326,54148.79676113735,
1327,55048.998878645405,
1328,58371.448485678186,
1329,55417.568571349526,
1330,60055.4278429524,
1331,55982.43018840359,
1332,57560.26081157213,
1333,53053.26049753231,
1334,51147.75888835906,
1335,53069.041007271284,
1336,49757.86468992198,
1337,52896.981583388144,
1342,27004.868333968156,
1343,18183.63156741173,
1344,28822.0133174775,
1345,19769.06003074021,
1346,25061.018461367883,
1347,28735.700915590976,
1348,37704.67519341517,
1349,22928.24380759846,
1350,27506.68152006863,
1351,28642.768970170633,
1352,26886.61419099266,
1353,27027.76616569337,
1354,25742.934988737477,
1355,32064.574438702173,
1356,29094.372236943036,
1357,18767.702848102344,
1358,14256.30381454279,
1359,15322.767181818808,
1360,21272.34418690715,
1361,19577.137638418335,
1362,22159.135355855262,
1363,25838.562663609024,
1364,35037.57354489957,
1365,34777.87963897661,
1366,34090.35463349401,
1367,29627.490085641803,
1368,31786.406596149554,
1369,29479.11445897088,
1370,26667.087088946708,
1371,31911.39910201264,
1372,37722.19975771254,
1373,16682.929129407534,
1374,22855.386173253082,
1375,26929.681736447706,
1376,30336.48080970898,
1377,30790.181656217188,
1378,20688.761472441252,
1379,31648.321443073717,
1381,35736.48468380298,
1382,31184.23984062466,
1383,31564.787590127995,
1384,24644.81194618206,
1385,28892.122987805178,
1386,31730.833713447446,
1387,35032.17171902648,
1388,30053.36328191028,
1389,33626.1907805473,
1390,15308.602312404577,
1391,36860.330410014954,
1392,22645.20036142605,
1393,32644.883568896985,
1394,27575.46563417998,
1395,31024.127520281247,
1396,37155.155404800185,
1397,38236.04188776385,
1398,24372.057377600493,
1399,33973.634253596174,
1401,33394.94804309956,
1403,21976.05332556852,
1404,26316.735264691473,
1405,24210.336295697965,
1406,27817.144355918,
1407,27445.00887735156,
1408,23407.798823687062,
1409,22869.18178405776,
1410,17212.879709144632,
1411,22535.70790246362,
1412,17293.59168655785,
1413,19727.25591273725,
1414,29763.456040512523,
1415,30404.283139316554,
1416,20380.877621509477,
1417,34712.92847831476,
1418,30849.62445006779,
1419,33238.76911360594,
1420,32238.361238566577,
1421,23842.45483249819,
1422,16194.776508624705,
1423,18277.113992601542,
1424,20905.865082643282,
1425,26562.859513581567,
1426,31336.022318706273,
1427,21642.567726801368,
1428,17260.249811285776,
1429,32782.75782791057,
1430,30229.480560312586,
1431,17639.804629589467,
1432,15135.459633510587,
1433,31291.774209160885,
1434,22995.029022655453,
1435,19724.47649660542,
1436,24818.103633962488,
1437,26462.002724289097,
1438,8778.439752539367,
1439,16835.321293214467,
1440,18878.066270344538,
1441,23878.133032557485,
1442,15184.03885340518,
1443,20073.87572471467,
1444,30760.19740895898,
1445,27338.187776446764,
1446,20733.81034865595,
1447,33396.824943123465,
1448,47831.72114078337,
1449,65337.5149124782,
1450,58576.22789035017,
1451,58635.21041967785,
1452,63229.6019185401,
1453,46897.905547410344,
1454,46436.97769301919,
1455,57049.6542902324,
1456,48862.716617061895,
1457,52938.132237768325,
1458,69675.40929862429,
1459,53514.084911705504,
1460,62278.322456765134,
1461,61342.97126797726,
1462,61526.92121847278,
1463,57768.07783562082,
1464,63293.52645823129,
1465,50774.36765368286,
1466,75038.75812282266,
1467,61808.46510765855,
1468,56364.03523094571,
1469,69563.65556797928,
1470,66451.67501931138,
1471,54451.50967311073,
1472,65015.61482269334,
1473,71759.9440657288,
1474,65597.67310498534,
1475,59538.031728422044,
1476,69295.49527057524,
1477,51847.010762293736,
1478,63148.27022513378,
1479,53179.10475941253,
1480,60649.37927911893,
1481,63458.481388838445,
1482,61554.963574702575,
1483,57630.244952064226,
1484,54408.52142013393,
1485,71298.67239203931,
1486,68810.95179246152,
1487,70898.90239991814,
1488,53837.2064015724,
1489,55613.108265041985,
1490,74520.3109558736,
1491,44606.34606014721,
1492,51172.382484688074,
1493,48792.472173178794,
1494,65371.83469891683,
1495,58561.85937310479,
1496,53181.19330593818,
1497,68836.60894168161,
1498,66166.27066774022,
1499,71698.67019776249,
1500,67352.24880606006,
1501,68810.8707912471,
1502,45064.86398864329,
1503,47782.90123258919,
1504,65943.90308170783,
1505,61362.39615255992,
1506,57131.873816162064,
1507,60323.30267066155,
1508,65106.87935660123,
1509,57642.61686974718,
1510,66262.50349823401,
1511,55999.92653211148,
1512,58849.97162363293,
1513,53345.619452308354,
1514,54813.81004976962,
1515,55802.38319922004,
1516,63822.996818764135,
1517,52515.22348542463,
1520,67926.55772187484,
1521,62762.89378815265,
1522,72088.15520111937,
1523,74739.3526436486,
1524,69954.13606515121,
1526,75694.394972765,
1527,72567.40385779653,
1528,66526.00851398981,
1529,64731.678066763205,
1531,67480.47364555998,
1532,72096.93930268104,
1533,70000.37358228817,
1534,64042.49108732422,
1535,72993.60109234022,
1536,73669.16986043652,
1537,71265.85418923572,
1538,68772.0309702749,
1540,68347.5369798749,
1541,69071.02595526965,
1542,68540.864240772,
1543,65810.35816166819,
1544,61360.64885485877,
1545,59560.33855194792,
1546,71770.20206592372,
1548,70161.39475154347,
1549,67381.18785473274,
1550,38716.60256562201,
1551,45593.27818438964,
1552,41599.187594816816,
1553,38690.092424830196,
1554,37602.35308943937,
1555,35190.98795391425,
1556,41152.87645532775,
1557,41303.30886484208,
1558,36938.160488629976,
1559,40388.62242940173,
1560,39078.806699085646,
1561,44447.328756007824,
1562,46860.50823732234,
1563,38625.61375088143,
1564,35776.328364370376,
10101,26756.701087315832,
10102,20907.249173413555,
10103,25307.36134373648,
10104,26675.38492125785,
10105,27889.17297265825,
10106,28096.503716979878,
10109,23727.881870862606,
10111,29820.737446475574,
10112,26854.21666109174,
10113,20806.537154171652,
10114,27880.931044868077,
10115,28847.666067444974,
10116,31976.885022610168,
10118,30335.94463819331,
10119,26901.674076138373,
10121,24402.07218307319,
10122,21867.93027814583,
10124,28046.85897174325,
10125,20552.908757048306,
10127,24587.99418359702,
10128,27399.649058004317,
10129,29662.450644733497,
10130,29586.130591497626,
10131,29495.843586665353,
10201,17452.705486389674,
10202,20949.766933729094,
10203,16177.088606201152,
10204,16735.174438981954,
10205,19122.229562264056,
10206,13617.201077415648,
10207,20142.720646588703,
10208,16131.782067800896,
10209,14952.30239804481,
10210,12838.136262485548,
10211,10638.901929341104,
10212,11368.376631454956,
10213,12034.224837630536,
10214,18216.055938435773,
10215,8626.989518653281,
10216,18457.675036088836,
10218,8401.738424212715,
10219,15318.354690692819,
10301,46472.60611243833,
10302,56591.31291520993,
10303,50052.38888655568,
10304,46257.15029113249,
10305,53955.975461380665,
10306,51986.395057672176,
10307,54028.134102006115,
10308,57433.565101891916,
10309,52583.3315144275,
10310,53352.51298873585,
10311,48335.92898048162,
10312,47514.08735506687,
10313,50291.9069632744,
10314,45038.03305365766,
10315,51352.68438221529,
10316,44365.57969848721,
10317,47694.84980142365,
10318,45668.10012038328,
10401,13426.894161340433,
10402,14660.102623278699,
10403,17729.24711465708,
10404,11394.89702117393,
10405,19673.388510190456,
10406,15830.636840024788,
10407,18017.39570722514,
10408,15003.052554173333,
10409,25586.377898574847,
10410,13606.463237661608,
10411,10067.951191987011,
10412,19395.85774332488,
10413,5109.531466411423,
10414,25659.880602129564,
10415,11138.652003262412,
10416,13018.82776209915,
10417,22042.397176831975,
10418,12410.279391427817,
10419,17244.70056542035,
10420,9502.067259429223,
10421,7779.63753858339,
10422,22577.160819791985,
10423,24656.319012441123,
10424,20539.567754355892,
10425,12065.338607583026,
10426,20929.44981624533,
10427,15590.043566343515,
10428,16117.153065911289,
10429,22204.753081357652,
10430,23604.7910618712,
10601,26375.74946516352,3.0
10602,20925.98672581376,
10603,21606.086858409613,
10604,25658.233664431475,
10605,21080.00828082229,
10606,25692.315299425634,
10608,23005.966527723675,
10609,28425.748453617554,
10610,29053.86461976692,
10613,18502.239407007906,
10614,18252.947449936084,
20827,21729.188362668898,
10616,23105.20360826365,
10701,0.0,3.0
10702,10587.291879397146,
10703,8043.702978430205,
10705,11953.925654632134,
10706,4866.244466364902,
10707,4570.902575764218,
10708,14118.31489101046,
10709,6748.10363466753,
10710,5310.568432765084,
10711,9560.129640321202,
10713,6502.550565177048,
10715,6425.638073354122,
10716,7615.872960271663,
10717,7183.7342558008195,
10801,42764.58792560303,
10802,36937.56643732247,
10804,41511.128329071806,
10805,44545.62189887106,
10806,40479.28767269005,
10807,40970.208710853214,
10808,48250.4046412495,
10809,37373.640884206645,
10810,44567.18275231316,
10811,33862.31166301582,
10812,36962.842859220524,
10813,39035.96010378372,
10814,35643.05190321204,
10815,46228.53380352616,
10816,48455.23750064797,
10817,40640.31144355841,
10818,33569.21321657281,
10819,50262.4325990151,
10820,43730.2441697891,
10821,46691.63256146505,
10822,42208.799788423836,
10823,35769.22569755387,
10824,45094.25069356408,
10825,50729.61924177318,
10827,43550.66070818758,
10901,27082.524314437207,
10902,30685.064474220766,
10903,26876.702046561393,
10904,23040.397864929553,
10905,22439.974952909743,
10906,24105.060619959473,
10908,22822.50762330087,
10909,24246.544761933972,
10911,30709.12580144729,
10912,28419.36970299614,
10913,29939.42830271584,
10914,29273.921331218593,
10915,24993.121248731608,
10918,26448.0011220738,
10919,31294.498287457547,
10921,25112.58066976658,
11001,23911.19572424244,
11002,26497.581891563834,
11003,27578.21934610959,
11004,11224.110947193894,
11005,12956.851990367055,
11006,26451.985797946825,
11007,27797.78591413379,
11008,23697.535987616866,
11009,17157.095069354156,
11010,16235.621882904268,
11011,17710.864567716973,
11012,17206.746358642293,
11013,23934.010385873302,
11014,19192.819670593042,
11015,18925.69242723084,
11016,15685.69742954215,
11017,20060.52203883801,
11019,16019.191445442726,
11020,13509.180202669479,
11021,20510.016528759927,
11022,21798.700389150206,
11023,14170.136280439878,
11024,20277.615200712193,
11025,29037.492601585862,
11101,34398.55695576021,
11102,31614.880627387072,
11103,28737.498480905102,
11104,35742.51695349134,
11105,38410.00726866071,
11106,31908.28074754541,
11108,25828.223031469657,
11109,29870.902479445118,
11110,38240.87607232432,
11111,35482.72535927085,
11112,32077.5698022738,
11113,34318.895179672894,
11114,37971.814017008415,
11115,36363.85330419715,
11116,36481.56204118679,
11117,33745.43374512473,
11119,28022.827734299397,
11120,37517.88255002485,
11121,28168.313427712546,
11122,38656.09971325802,
11123,41852.55480088093,
11124,30752.567460094626,
11201,5890.415376385181,
11202,15679.018938240455,
11206,14792.104116518218,
11207,15601.744510432125,
11208,12147.786821563399,
11209,9684.06778420569,
11210,12893.884367888759,
11211,12391.441450010607,
11212,5683.831735155025,
11213,16563.657663172915,
11214,17352.00681068957,
11216,16731.342777803682,
11218,26815.841286773222,
11219,9455.227746910903,
11220,18769.704285697568,
11221,13612.747991992663,
11222,19932.700623931887,
11223,22952.534671077017,
11224,12421.486268989736,
11225,14036.195608497595,
11226,10867.512297180572,
11227,12010.380788722226,
11228,25368.23444862514,
11229,26258.834815315928,
11230,19183.720033558515,
11231,17903.058320044118,
11232,13735.667753359076,
11233,24398.83794113355,
11234,19597.214683839018,
11301,37287.7870472107,1.0
11401,33561.591923870415,
11403,33614.14984158012,
11406,37386.28211382808,
11409,31724.07648579177,
11413,39502.98157916329,
11415,40550.420277696525,
11417,35711.13930704494,
11420,31051.32031765051,
11421,30327.00034037559,
11422,40771.31075880955,
11423,37220.49414106755,
11426,40307.54938375228,
11431,31365.60619715412,
11501,29760.775970951385,
11502,32803.02309790866,
11503,35365.472403947584,
11504,27460.0629274289,
11505,30517.85743135843,
11506,34894.800995463775,
11507,23550.248174038916,
11508,32487.20641992839,
11509,21517.608001955068,
11510,24592.79805320685,
11511,37184.6180064436,
11513,21081.11705850364,
11514,32444.73164178552,
11515,34952.173656969324,
11516,27032.18725774385,
11517,33081.84078258765,
11518,32046.269667688117,
11519,24869.249501261216,
11520,24969.30247550804,
11521,26884.314258744573,
11522,38907.31830315135,
11601,30267.367962306627,
11602,26949.048969716234,
11603,27675.27784701187,
11604,25532.506318055664,
11605,29079.04636981092,
11606,25594.117197993983,
11607,24011.905727044606,
11608,26378.732350684066,
11609,23908.77122514126,
11610,25895.85036957322,
11611,24966.49638761869,
11612,27461.911022675293,
11613,32203.508690369952,
11614,27993.63110607229,
11615,28903.639692040557,
11616,27775.054889572268,
11617,27016.756031666544,
11618,31489.261836093377,
11619,26360.10751339637,
11620,27409.464285962007,
11621,30011.078261412054,
11622,30676.423464861924,
11623,29821.91577946043,
11624,30668.293908466832,
11625,22619.5689592322,
11626,25985.55176252655,
11627,23932.47189467977,
11628,23948.490287089397,
11629,24717.200626636808,
11630,30745.84007647914,
11631,22628.979861970456,
11632,24062.81159146665,
11633,27929.508050437507,
11634,30991.26410551258,
11635,32946.55154882241,
11636,28562.8813260757,
11637,33533.84931823217,
11638,26512.08305896462,
11701,5601.322465757816,
11702,12413.421777804911,
11703,22973.314878978148,
11704,17423.888709866053,
11706,17416.094726502874,
11707,12299.265261165596,
11708,8994.650356077826,
11709,15137.5997151085,
11710,7910.325363259266,
11711,15012.937978516624,
11712,21406.61589885724,
11714,7186.703585575772,
11715,8592.573443992382,
11716,10909.0169096797,
11717,11079.966398352308,
11718,14692.928484142778,
11719,25345.132643246503,
11720,19885.01034528167,
11721,18324.227727596826,
11723,15508.868317837676,
11724,16225.460500070405,
11725,14046.09790068517,
11727,8396.053069485748,
11728,9645.48137190995,
11729,18991.728358055032,
11730,10701.241878113899,
11731,13883.370779029645,
11732,13620.186873342305,
11733,10767.546809711188,
11734,10480.753562783726,
11735,18591.45273233959,
11738,21767.115173697955,
20101,75488.87282736543,
20102,66391.19980065008,
20103,73829.75280190863,
20105,72640.85987757196,
20106,78636.89304381065,
20107,73060.04673771976,
20108,78107.1732771442,
20109,80477.60984349204,
20110,76801.3460009334,
20111,79085.58835014142,
20113,78600.56278322224,
20114,76899.38739551265,
20115,75713.2901403025,
20116,73184.76564406064,
20117,77810.65761838829,
20118,81776.48224290903,
20119,67009.41384934624,
20120,74885.63531634818,
20121,71240.90856577981,
20122,75392.47777469779,
20123,72424.26897626287,
20124,68375.5759764343,
20125,80386.48224910704,
20127,81669.8037888823,
20129,79127.21253911233,
20130,69478.76341317708,
20131,73409.87597908334,
20201,59602.805928110596,
20202,67278.14528300795,
20203,74878.8444092604,
20204,64508.9905185857,
20205,60483.24511058663,
20206,55931.2205424837,
20207,67949.75241909077,
20208,59009.61381087334,
20209,62054.1468335688,
20211,64254.41789313,
20213,57648.80695634323,
20214,57350.1480914064,
20215,63549.43865235919,
20216,74239.66436177392,
20217,65122.80714852089,
20218,53708.5900424596,
20219,70409.16087485537,
20220,52251.53133508332,
20221,52204.89750791902,
20222,65926.48671657141,
20223,54798.37821914401,
20224,71664.54893599826,
20225,67630.73104395762,
20226,59283.63962615043,
20227,67570.90488108416,
20228,61501.60365094684,
20229,54064.348697589136,
20230,55761.707004177355,
20231,63457.54299261249,
20232,65643.81577704988,
20233,53206.72756633462,
20234,62451.81384440733,
20236,60388.836686432674,
20237,63621.108104165905,
20238,53753.84330784275,
20239,51238.814375725575,
20240,64096.183689542,
20241,62898.87939190521,
20242,73082.2109356522,
20301,97419.61237272802,
20302,91524.3730909532,
20303,95350.8532221147,
20304,83567.77434419424,
20305,88991.85207387294,
20306,83941.16628480275,
20307,94280.5002074276,
20308,88532.02459311183,
20309,85549.41769647952,
20310,83277.3952192477,
20311,85479.57899580814,
20312,90273.82096079494,
20313,83160.3722351586,
20314,81253.13159950149,
20315,91232.16842754789,
20316,89463.36131195324,
20317,86821.14691022362,
20319,81798.90764538113,
20320,85850.96494215445,
20321,87781.04992563881,
20322,87562.00969788863,
20323,93287.25139331445,
20324,96274.02592769037,
20325,90032.64729111706,
20326,87181.60804252935,
20328,83247.81137812677,
20329,90529.27319619853,
20330,102083.48227152966,
20332,88322.0361684367,
20333,99401.91392616727,
20334,86741.67842495476,
20335,85209.46448781028,
20336,84190.22024410132,
20337,88542.18837691516,
20338,89307.11510589522,
20339,92160.44558234618,
20340,93464.52547910064,
20341,80447.71041039992,
20401,57693.701175231894,
20402,59761.7648438939,
20403,57800.67176040185,
20404,65252.17603482257,
20405,52147.91981892715,
20406,53031.910848724976,
20407,58366.02107074298,
20408,59231.19106547181,
20409,63138.30431649217,
20410,52753.26449434124,
20411,55786.61171617001,
20412,62780.95369830013,
20413,56253.41017930315,
20414,68028.63969600417,
20415,62651.90570385093,
20416,57441.91450031135,
20417,62658.002019239706,
20418,67439.2874322818,
20419,58679.130794054974,
20420,64678.483536243744,
20421,55203.761098621406,
20422,56412.60560718849,
20423,58143.59767383998,
20424,54417.489772296845,
20425,61152.80722991508,
20426,53477.38031289259,
20427,66470.36371575588,
20501,77994.11501647299,
20502,73747.37649736076,
20503,80085.79324816806,
20504,69094.54151208325,
20505,66437.50873802514,
20506,70220.6375061771,
20507,75647.30304580808,
20508,84303.01879947615,
20509,69750.27030376588,
20510,72950.46178990422,
20511,71976.58119697662,
20512,71083.52013864472,
20513,82541.34757548106,
20514,74171.03968814056,
20515,73851.00343512,
20516,80605.15428355336,
20517,78895.87599562181,
20518,84449.93009912975,
20519,74311.34513869949,
20520,74163.8059310406,
20521,76884.92919614605,
20522,80963.6913867228,
20523,70742.69861077989,
20524,81811.02963038374,
20525,67954.88135107132,
20526,71089.63895722381,
20527,67987.49275392064,
20528,69967.21834747726,
20529,75522.09765520279,
20601,71714.0412476714,
20602,76513.87747815734,
20604,78030.70170008914,
20605,73819.8235952613,
20606,78266.40035203802,
20607,80994.6472134087,
20608,72544.54255814513,
20609,73325.57212687329,
20610,68074.1583768386,
20611,77894.40143240457,
20612,69823.14998386434,
20614,76382.093207277,
20615,79368.3610055081,
20616,78835.56278778438,
20617,72047.79091640563,
20618,63174.31663482631,
20619,78471.42238599433,
20621,72205.52627533578,
20622,76398.701554733,
20623,78435.60084409815,
20624,70878.29987892506,
20625,73959.47558826773,
20626,70602.58217816928,
20627,75487.65417872537,
20628,68560.56217447028,
20629,77115.47053285192,
20630,79656.21658603172,
20631,66454.23508685922,
20632,76274.35351683994,
20633,75594.15022218636,
20634,76955.39905396398,
20635,75319.11191488219,
20636,71817.0318147898,
20637,70253.66631557829,
20638,67458.70699307405,
20701,56901.054223199986,
20702,57225.21681525153,
20703,55834.95490534807,
20704,68866.5256105416,
20705,53320.78360296721,
20706,52328.12450051705,
20707,62712.171756111544,
20708,60681.548326585966,
20709,61318.769840296336,
20710,65686.85250661543,
20711,54339.982818571974,
20712,77889.7476157104,
20713,59598.056756244274,
20714,54793.3046172708,
20715,52665.50580329917,
20716,69213.30211470857,
20717,60082.50736999611,
20718,59576.43173199867,
20719,54047.890153969005,
20720,56774.988478961954,
20721,71961.691823164,
20722,57323.35314932856,
20723,64667.36728804249,
20724,57106.1601097324,
20726,57626.129525675766,
20727,66373.27438595475,
20728,54287.36005757301,
20729,58772.263742237636,
20730,58773.87188246497,
20731,55235.54857109238,
20732,54376.23601615568,
20733,55518.600984037264,
20734,56642.76801471461,
20735,68983.69681082956,
20801,25208.37940496773,
20802,33053.76583643654,
20803,31158.434934075463,
20804,35583.52142665106,
20806,23708.26451985411,
20807,23983.9580264733,
20808,25778.004342777003,
20809,30407.753556816126,
20810,29302.079524431098,
20811,30419.542198045787,
20812,28036.838099774155,
20813,30232.08007862758,
20814,31162.99356949693,
20815,29085.68574772449,
20816,25287.61518700311,
20817,28205.928579788648,
20818,34262.176952476846,
20819,31279.01369677582,
20820,37226.73573901292,
20821,27048.52353357273,
20822,22350.010254605055,
20824,29340.179902152373,
20825,22345.262881838342,
20826,28484.04646269267,
20828,24593.943068252676,
20829,28493.988718251294,
20830,24649.679894005192,
20901,92389.76330519066,
20902,104541.48567331526,
20903,101203.87155898559,
20906,95557.45285890771,
20907,95799.32198641222,
20908,88792.95729801492,
20909,98877.9495624527,
20910,93625.07944660426,
20911,98129.73702045971,
20913,90931.58469542155,
20914,94667.19251559574,
20915,111551.42403754972,
20916,107760.09018437994,
20917,98597.05753826477,
20918,99034.56732895071,
20919,96590.60900801052,
20922,106990.77804056105,
20923,100610.86666274694,
20926,97307.54951250393,
20927,99794.48106010264,
20928,99240.65550997591,
21001,41981.122134889345,2.0
21003,47756.232616862915,
21004,37405.668760072986,
21005,50962.66434598158,
21006,47500.619096180504,
21007,49558.891583251265,
21008,46166.58266545302,
21009,56788.254072339754,
21010,41311.11171936379,
21011,44275.28201009326,
21012,43679.521228760364,
21013,56970.20835525005,
21016,42940.97548730123,
21017,50347.6099633847,
21018,48646.274665217505,
21019,42048.027413498545,
21020,43288.20463193743,
21021,51746.48597983548,
21101,58762.23491327163,
21102,61278.67928576346,
21103,55181.34008463385,
21104,61079.63713374062,
21105,67327.69168074214,
21106,67269.05639102958,
21107,65540.45894967164,
21108,61498.04839013525,
21109,62980.82557510673,
21110,65063.46019311593,
21111,53898.10475393702,
21112,56876.03854894392,
21113,56907.12310451663,
21114,64897.37436994547,
21115,62544.801973825175,
21116,64288.57912364407,
21117,51755.401967995014,
21118,56707.617811365766,
21119,62660.01799954416,
21120,64324.58530278463,
21121,62081.55331000359,
21122,54859.369036932534,
21123,61392.91535284062,
21124,58592.75880505738,
21125,65081.33661452669,
21126,56000.12326916656,
21201,96799.43554604502,3.0
21202,89460.66420986116,
21203,96755.91138883382,
21205,84728.61348485087,
21206,103408.01103527221,
21207,92978.10891650971,
21208,83080.76615652574,
21209,83109.8935882,
21210,101773.08503174924,
21211,92773.28146786438,
21212,102980.00306567711,
21213,94578.14005448604,
21214,88618.98299534628,
21215,82433.61332910949,
21216,101166.79300309187,
21217,96921.42501248606,
21218,102625.02864032825,
21219,91489.2649918503,
21220,101572.57833637114,
21221,99616.23874049434,
21222,104540.980228887,
21223,96787.19453485995,
21224,89986.35297197918,
21225,80898.5091256649,
21226,86163.19697228645,
21227,109559.53693127277,3.0
21228,101995.46544717407,
21229,85836.22393951347,
21230,97221.60625835485,
21231,93740.92477688997,
21232,90227.5050930487,
21233,99166.50577550146,
21234,87719.95363822235,
21301,97960.79878472013,
21302,98720.89273960744,
21303,99187.71666449655,
21304,96015.73018105683,
21305,92023.98784769939,
21306,89740.19394397704,
21307,87646.39739433721,
21308,94619.71570465983,
21309,95819.31726386321,
21310,87843.40685984307,
21311,94820.49020074209,
21312,91449.73175814381,
21313,89228.19811215805,
21314,93085.1936596513,
21315,84951.82177118839,
21316,84558.84490356069,
21317,84886.76025875018,
21318,87165.04771346386,
21319,89364.78274982345,
21320,88353.09115830023,
21321,86963.71671650729,
21401,86187.7577542846,
21403,82010.92444980833,
21404,90781.35302385481,
21405,83792.44213731364,
21406,79997.70974154613,
21407,90530.32324749183,
21408,86163.74755069203,
21409,95313.56994276188,
21410,93010.22636589315,
21411,87185.72841313753,
21412,91974.24306913647,
21413,83099.88085242714,
21414,88694.52983011934,
21415,82411.53299429503,
21416,85440.58592156786,
21417,89585.68626046163,
21418,92761.36654150866,
21419,79643.85047835336,
21420,79710.44236261124,
21421,82591.58689035515,
21422,87575.79089855845,
21423,88178.75195669636,
21424,92869.27382088467,
21425,88577.98656528213,
21426,84296.24955491578,
21427,95029.92250285391,
21428,91002.259524169,
21429,86740.90271766046,
21501,48707.88256554639,
21502,39620.631142883634,
21503,47006.58149441659,
21504,41390.42317830498,
21506,43079.72693925146,
21507,37296.96020151457,
21508,53126.15490395356,
21509,38799.1614312911,
21510,48039.71238765761,
21511,37334.93403866004,
21512,51108.77951511761,
21513,45280.03268692118,
21514,48902.70541976525,
21515,53855.75766480663,
21516,42196.620425387075,
21517,44889.0558244076,
21519,47102.3488114591,
21520,52744.13845002322,
21521,38052.50207065786,
21522,43933.71535589942,
21523,38081.62207488362,
21524,38767.70315689273,
21525,40831.20750931958,
21526,34906.38563945355,
21527,40354.65919837392,
21528,39335.3361513223,
21529,47665.620859551185,
21530,52434.09638045597,
21601,102720.1032504149,3.0
21602,104107.8619130776,
21603,93046.97378876265,
21604,101776.86300313292,
21605,100117.70596518999,
21606,86487.5543342757,
21607,91115.2690021165,
21608,107930.6504445401,
21609,93753.77406112559,
21610,97477.02002825015,
21611,97578.98907903724,
21612,103750.55848337006,
21613,89007.80904505646,
21614,98370.79282143142,
21615,104059.19848805582,
21616,102460.81814078722,
21617,95252.46052896662,
21618,106271.08119882212,
21619,108036.08335512962,
21620,102614.83841562102,
21621,105999.18275833507,
21622,99938.73431601725,
21623,101226.22279996795,
21701,29739.162864819344,
21702,32595.851153665033,
21703,34565.6801669364,
21704,25269.732528900946,
21705,29984.546891194626,
21706,21152.77560782009,
21707,36376.18656784666,
21708,34006.92404291427,
21709,24822.475305436637,
21711,27718.379311369386,
21712,27520.34183529863,
21713,37111.868989115785,
21714,34019.83503873234,
21715,35626.43260131498,
21716,33114.809404716405,
21717,38880.33625558875,
21718,36598.433941859366,
21719,33692.143769209724,
21720,33090.907968125415,
21721,31553.138058259083,
21722,32730.134393603905,
21724,30945.75338656831,
21725,33427.016396243016,
21726,30451.41029192756,
21727,35237.33034015185,
21728,25086.77375596881,
30101,33249.13063108649,3.0
30102,33461.38833236587,
30103,36700.65409215766,
30104,31224.659747705173,
30105,28696.081398683695,
30106,35044.93240735494,
30107,26858.580757280364,
30109,30740.425680230088,
30110,38562.01466364866,
30111,30479.89374717703,
30112,24949.666853779003,
30113,30308.919769712786,
30114,33214.40088540302,
30115,34616.36987109441,
30116,27412.685667524976,
30117,37242.553546726536,
30119,37698.419006836666,
30201,56856.13655825198,
30202,63877.246580685984,
30203,60119.984907291095,
30204,62966.66409538359,
30205,47782.249646706696,
30206,48964.32626024717,
30208,53587.1090863843,
30209,59475.233542613845,
30211,62901.11142806975,
30212,63062.08397567272,
30213,56054.58526018341,
30214,50348.5787922519,
30215,53348.00791606449,
30216,53303.28020697843,
30217,54764.68429538754,
30218,60720.42219904037,
30219,51663.48199973018,
30220,58334.48700412712,
30221,56869.658269643245,
30222,57355.11892826133,
30223,60575.607375833824,
30224,55283.25007851017,
30225,57792.51533220152,
30226,57634.33862670938,
30301,45195.299074437724,
30302,60549.95240865163,
30303,42320.58187764985,
30304,39075.04043704737,
30305,44653.3491589416,
30306,53829.436936928294,
30307,61950.250127239444,
30308,49883.21372546973,
30309,47081.893568466374,
30310,49877.238615443566,
30311,38489.834315976696,
30312,60193.757068247854,
30313,53041.36893242947,
30314,48377.88294916478,
30315,48391.29110729033,
30316,43988.582026154334,
30317,42709.53639555185,
30318,42299.36527585834,
30319,58405.870001151365,
30320,59816.89914702613,
30321,57585.062099428025,
30322,61674.70411139448,
30323,55494.93322295888,
30324,43275.1016178885,
30325,57807.71831388121,
30326,59276.490438388115,
30327,54061.59305807112,
30401,34757.616320270165,
30402,27077.939407400823,
30403,26164.387535534857,
30404,37604.14995080549,
30405,27600.801115429065,
30406,37236.59692084658,
30407,26475.36495564129,
30408,34253.62881328711,
30409,28717.941841578784,
30410,30165.815665575465,
30411,41370.67293913703,
30412,38806.272808082336,
30413,41350.83249889974,
30414,29075.821068415524,
30415,34482.453892630314,
30416,43782.22482546739,
30417,37136.43873559583,
30418,23645.06448655124,
30419,33289.7961490264,
30420,30287.750706419938,
30421,32007.323749770294,
30422,32096.23227224032,
30423,21970.7260596882,
30501,53204.49173031778,
30502,56396.195237729175,
30503,47196.05027269665,
30504,54897.1674613743,
30505,58236.420282410065,
30506,64698.81291347067,
30507,49932.909321887906,
30508,55461.53798167372,
30509,65752.8349218212,
30510,68468.38774568799,
30511,65731.46827602027,
30512,52914.84656084554,
30513,59608.91690432427,
30514,57022.230857335475,
30515,49352.662742588356,
30516,54855.8001320556,
30517,67110.71854490536,
30518,66694.00664521291,
30519,58102.99316827653,
30520,47055.228493246526,
30521,59542.76349678471,
30523,66747.49356409289,
30524,56249.33251797534,
30525,60558.05910670527,
30526,51439.25490416491,
30527,62913.26071306266,
30528,60337.35707495858,
30529,67560.35125858222,
30530,62606.95693913391,
30531,61330.02757853686,
30532,63814.32287103987,
30533,55424.27501601877,
30537,52830.99402247278,
30601,14523.88880208456,3.0
30602,19440.769322892327,
30603,22272.379257158922,
30604,15790.869194738612,
30605,20038.646585073937,
30606,24564.96615065078,
30607,19273.029222821813,
30608,21924.96928578822,
30609,22084.30934535401,
30610,25286.0711394995,
30611,22682.93122111635,
30612,18858.507157218675,
30613,25983.242704010754,
30614,17507.766836850416,
30615,16896.177168431055,
30617,10759.50081794566,
30619,21594.309788530525,
30620,12142.164540569554,
30621,21918.881298732213,
30622,22892.19658446628,
30623,13842.911296031563,
30624,17282.243209768203,
30626,11426.525474077649,
30701,41241.07316700952,
30703,33865.771411913316,
30704,29740.577983845826,
30705,40332.122203112,
30706,40199.82342154926,
30707,35426.02817463932,
30708,42456.18699017536,
30709,38441.91619559124,
30711,50950.049351824455,
30713,51314.00438366767,
30714,32865.66525495732,
30715,44688.435077113965,
30716,35821.094532770934,
30719,45968.8662535282,
30721,43898.82015892291,
30722,36916.83672250218,
30723,49818.32752188136,
30724,37436.60908524938,
30725,44028.45383199376,
30726,37792.307552305734,
30727,47134.539870033266,
30728,40134.28344605392,
30729,39346.41073317231,
30730,46792.184089611495,
30732,53510.19219661262,
30801,36279.00947786941,3.0
30802,45541.16256897516,
30803,34239.8220780047,
30804,48184.740302085534,
30805,43449.12857165767,
30806,35886.38970463658,
30807,46449.50846446089,
30808,26750.71207737801,
30809,41981.15827399978,
30810,21724.67156812107,
30811,36471.168530202005,
30812,30537.452661946565,
30813,38768.95905621844,
30814,44976.26599176999,
30815,33739.57902857084,
30816,44914.06802527902,
30817,40864.48126187771,
30819,33803.7454970646,
30821,41941.90592783932,
30823,41626.71100985094,
30824,47369.47956529068,
30826,24025.255868635013,
30827,47669.57123123106,
30828,28139.77014538046,
30829,29225.49288808706,
30901,37730.465119946304,
30902,47784.18372258279,
30903,40982.24994911631,
30904,41577.7956583965,
30905,35066.953936654,
30906,39686.8150665889,
30907,28866.52753020824,
30908,31383.33861947662,
30909,42583.50055646394,
30910,46531.16290107302,
30912,34681.6186427441,
30913,36991.9135368764,
30914,40607.53326514396,
30915,45388.03315541726,
30916,41473.214254026156,
30917,48806.58930973308,
30918,38468.79444857778,
30919,52965.08957244015,
30921,42550.33926166353,
30922,44742.17941767426,
30923,50712.177319153096,
30924,36992.76806091359,
30925,45918.875618506165,
30926,44477.77052354321,
30927,42260.93456880332,
30928,45767.65010623131,
30929,44732.76880322169,
30930,37526.21170044478,
30931,43017.606961043646,
30932,40079.02189997165,
30933,48987.70367105735,
30936,32981.65778628614,
30937,45027.61882496441,
30938,42125.837946145715,
30939,31925.611845505344,
30940,49808.36978899092,
30941,36116.003785530076,
30942,42514.35979428956,
30943,43341.12917085582,
30944,40554.828636752296,
30945,32756.91016016422,
30946,42707.15540645487,
30947,32370.21039514442,
30948,51721.39020093526,
31001,55787.060966825215,
31002,55266.06636799622,
31003,52111.819753618925,
31004,55342.88626059238,
31005,71223.29043009185,
31006,67457.03969496454,
31007,72369.11057564437,
31009,69411.21262202358,
31010,61477.36501000858,
31011,56885.35415671374,
31012,60267.20373019669,
31013,72356.00119885069,
31014,75223.07023008444,
31015,73566.69414687561,
31016,61356.26507724661,
31017,52130.00146974947,
31018,63189.48689854496,
31019,54303.47681560691,
31020,57108.97417562791,
31021,60278.589703863574,
31022,59898.938522102326,
31023,63452.18003142969,
31024,58549.20478524315,
31025,57481.39051687963,
31026,68708.20286278377,
31027,66001.78194723449,
31028,65935.6079116402,
31029,54340.50763420875,
31030,61864.986561583435,
31031,67428.65229054209,
31032,68549.9250188212,
31033,58822.817363989496,
31034,64975.56346629892,
31035,72429.41608264566,
31036,48385.36752939846,
31037,65343.933650180814,
31038,51782.6387469482,
31039,57870.87926580653,
31040,63735.25378696005,
31041,69264.20431698498,
31042,51141.32647582946,
31043,60579.760842264615,
31044,53499.198538615485,
31045,75623.00492870525,
31046,62801.64039067202,
31047,62636.64270825511,
31101,48094.20421396672,
31102,45730.02234880692,
31103,50735.233701696074,
31104,52869.71692894261,
31105,51800.03515901781,
31106,52583.988541335064,
31107,57616.34454198415,
31109,50031.5508221701,
31110,48410.313622406575,
31111,55079.81237636599,
31112,39287.86309250837,
31113,57644.31391960241,
31114,43999.22551084536,
31115,53246.82806496851,
31116,52974.787992585196,
31117,59514.58441066184,
31118,41084.32524618687,
31119,44399.51879068414,
31120,55055.56616581201,
31121,57340.18660533494,
31122,53818.52005320411,
31124,53590.70356322559,
31125,52228.606603953194,
31126,50341.79957203528,
31127,55475.756793793575,
31128,56130.49129177484,
31129,48990.71025050186,
31130,57348.05688533081,
31131,42909.18270303519,
31201,21818.58341400892,
31202,17940.314089877935,
31203,19767.181055746423,
31204,23428.381378170066,
31205,23950.76914119571,
31206,25380.74245195416,
31207,27627.46416102741,
31208,28552.68544285861,
31209,39043.38545766985,
31210,39101.07104083986,
31211,29926.153888109886,
31212,36345.374870788335,
31213,26545.45720145904,
31214,29686.538798199326,
31215,38331.77396091428,
31216,23965.854825774673,
31217,30736.708967786955,
31218,30030.90061094104,
31219,28186.42572849011,
31220,35287.420782478745,
31221,16639.145256576743,
31222,32361.984516875895,
31223,26694.5687702995,
31224,19801.033944654075,
31225,29082.98398778933,
31226,32338.41074342492,
31228,23562.05379116914,
31229,26584.89104468737,
31230,30282.587897881116,
31231,21711.343927504902,
31232,27155.08957331441,
31233,22122.722238324135,
31234,19921.993100540632,
31235,24956.63781196142,
31236,26615.065146241504,
31237,19293.12713008379,
31238,31658.636523177192,
31239,34922.106868685616,
31240,22642.702780841206,
31241,19724.949721504854,
31242,28868.279733323627,
31243,24968.927085940446,
31301,16367.268537216525,
31302,22213.919383285836,
31303,22251.113807270976,
31304,12305.991714685426,
31305,17375.680163071636,
31306,23553.75607482232,
31307,19822.676916450917,
31308,21389.742552115524,
31309,23243.20335254701,
31310,17598.727707931765,
31311,20272.135156312605,
31312,14755.903893410336,
31313,21519.247842231533,
31314,18100.431866015835,
31315,9179.867960136591,
31316,11468.465436212067,
31317,16504.23380485668,
31318,20428.254047366063,
31320,20992.026514888883,
31321,19742.68633023053,
31322,19785.795973166798,
31323,14981.364882045798,
31324,14470.637415838544,
31325,21596.09800822479,
31326,16358.723871808865,
31327,17630.933351441672,
31401,20743.182910510754,
31402,16935.432907420767,
31403,13632.282348943241,
31404,24956.578714649466,
31405,28321.168704466083,
31406,12257.43910230371,
31407,17893.32729645296,
31408,12817.163176463508,
31409,23110.41155816441,
31410,22536.80245974756,
31411,7671.016344125107,
31412,10748.20794115226,
40101,66884.02743418176,3.0
40102,62061.60934991166,
40103,63084.01788565602,
40104,59884.0324845011,
40105,56899.87460710973,
40106,60889.8210195128,
40107,62846.15584534615,
40108,58642.97595911912,
40109,77805.80948288682,
40112,63248.9677853028,
40113,75350.6089829682,
40114,73170.32985609162,
40115,74285.63323020459,
40116,79871.97823798981,
40117,72545.68748743286,
40118,68148.43322726898,
40119,62201.323499638485,
40120,66079.35947523895,
40121,55586.42840015485,
40122,69649.24890097242,
40123,59240.6420277541,
40124,66213.6859026196,
40125,64133.416724090785,
40126,65999.53521256107,
40127,68358.30965901897,
40128,73967.56647434998,
40129,72408.3982260069,
40131,54438.113512280564,
40132,73008.45811940328,
40133,69588.87991887813,
40134,70566.85683837801,
40135,70525.6377728426,
40136,70563.92721470824,
40137,75467.08206910186,
40138,57326.17169387916,
40139,67533.6646649121,
40140,73633.90840580461,
40141,70875.25919698046,
40142,72867.00490344739,
40143,52313.663912979784,
40144,53194.814207772215,
40145,62640.15728913302,
40201,33471.752316169936,
40202,35384.85353215195,
40203,30044.96890682026,
40204,36141.21873871837,
40205,26455.735985128398,
40206,28133.235760212043,
40207,32101.35110461093,
40208,27619.225304777905,
40209,32589.48799215384,
40210,39478.29392242828,
40211,38591.353619852845,
40213,32906.47382876309,
40214,33083.96644102532,
40215,35991.54786215426,
40216,22281.767910982424,
40217,36374.5886144818,
40218,20327.794550232127,
40219,19015.26362016602,
40220,37105.467301951074,
40221,22689.53979128612,
40222,39922.73741423501,
40223,23970.78039581487,
40224,35756.723202045105,
40225,37238.84244684116,
40226,30521.428164844703,
40227,32625.79283308567,
40228,26740.908388540705,
40229,25955.812030090885,
40230,28744.299715381083,
40231,34090.08779558117,
40232,32525.39597481971,
40301,44318.03234293668,
40302,40553.116050011326,
40303,49643.35996095035,
40304,41073.41371547793,
40305,42961.032410930755,
40306,42436.90618894969,
40307,48850.937995065586,
40309,42914.60739465994,
40311,44632.726439611026,
40312,54396.01252791012,
40313,37367.225406823374,
40314,43286.83200330341,
40315,47358.4574133358,
40316,39452.16657103747,
40317,45722.69090194952,
40318,43124.31904972998,
40319,48761.73916013687,
40320,39169.72491298764,
40321,57920.38206852131,
40322,49618.8330775497,
40323,43757.403713925945,
40324,55888.29589055295,
40325,52253.392434641115,
40326,47037.49719406677,
40327,49114.16752255786,
40328,58719.283233585855,
40329,56199.34591884051,
40330,51222.59353974224,
40331,45669.9719667724,
40332,46500.830040840345,
40333,43108.96286989495,
40334,44652.8941295716,
40335,53044.008078185754,
40336,56492.66414335816,
40337,46210.592520147744,
40338,58791.28341803493,
40339,51148.12736375274,
40340,49167.994340903475,
40341,51303.73069202109,
40342,61218.33253893766,
40343,51316.036521681985,
40344,36846.963096231964,
40345,51090.112252510335,
40346,54614.7951730127,
40347,39999.389665214425,
40401,14451.54560425979,3.0
40403,19309.079790190153,
40404,14660.512265464587,
40405,20837.47722818123,
40406,23443.181876896757,
40407,11362.091367311612,
40408,13100.04865697522,
40409,10776.096630439928,
40410,15707.72918812042,
40411,16730.04371010646,
40412,8846.596052687335,
40413,13659.467703107233,
40414,6215.178073388115,
40415,12181.585726358266,
40416,21784.830001075785,
40417,17471.791144167655,
40419,11092.459888627342,
40420,13424.030464888405,
40421,14176.203326346966,
40422,20213.242045755425,
40423,8676.210867824191,
40424,20428.332835181718,
40425,15510.4963902475,
40426,18079.60523358676,
40427,14721.633594769804,
40428,21183.4055196648,
40429,16416.40513735166,
40430,16503.858753212404,
40431,14090.956195661493,
40432,9757.388287908621,
40433,19168.593102025916,
40434,17610.649534917393,
40435,18107.498206613516,
40436,20390.764120978016,
40437,15901.234673852798,
40501,0.0,3.0
40502,8214.055309804775,
40503,9037.325955399876,
40504,3633.0480362137473,
40505,5298.315906309437,
40506,6403.888646457247,
40507,7706.639894653526,
40508,7622.669942783272,
40509,9102.05939198276,
40510,6668.049464063802,
40511,11724.356460114628,
40512,4043.6586171043677,
40513,4130.603000176932,
40514,6493.9397785838155,
40515,4102.80997792875,
40516,10751.891021958321,
40517,8080.621490226013,
40518,3997.4943274881584,
40519,6023.056485224101,
40520,7100.7802394704195,
40524,8323.112774894014,
40525,7351.618938196927,
40526,7809.78546498774,
40527,4825.911435863087,
40528,15047.810335989412,
40529,6291.451678733835,
40530,5367.911416478469,
40531,11092.619341603933,
40532,6177.893853799801,
40533,7246.570200891518,
40534,6836.023377682963,
40601,17464.200253915777,
40602,17195.648054837617,
40604,19163.11922899146,
40605,21169.374614317036,
40606,15518.622122093038,
40607,14871.50241002697,
40608,12243.317927663158,
40609,14370.672531811973,
40611,15863.762559422496,
40612,15450.97692759458,
40613,15261.732427592286,
40614,21486.74881932866,
40615,17491.073767712936,
40617,11417.97592349533,
40618,20622.90431761511,
40619,11844.185789373629,
40620,23336.950921882053,
40621,19077.102537166706,
40622,20539.046946064707,
40623,12860.58892208281,
40624,9394.243962194329,
40701,53643.40121610638,
40702,50722.848178066,
40703,48392.52969473991,
40704,59076.59832862663,
40705,56878.27498775782,
40706,53421.12518629878,
40707,53230.80415491519,
40708,54328.887789915556,
40709,59265.12682183353,
40710,56676.81157553064,
40711,47125.65483478257,
40712,63319.1172364263,
40713,46036.88441188813,
40714,52943.70445392875,
40715,44182.90553802109,
40716,60122.56577429849,
40717,49860.665885719915,
40718,54781.88452285041,
40719,60109.13371807072,
40720,60099.55569748081,
40721,52019.649858024924,
40722,49914.5996661389,
40723,58593.34251727559,
40724,57590.998217759516,
40725,80148.15267126789,
40726,53401.7142425909,
40727,63657.53422760674,
40728,63057.74492054335,
40729,58421.11749600732,
40732,49323.18574240834,
40733,62517.55985283947,
40734,64564.793488133284,
40735,46486.53261891861,
40736,46255.52123348401,
40737,62945.599456313415,
40738,59844.47645398444,
40739,56193.98985459969,
40740,50230.440088605894,
40801,100164.6866507939,
40802,94930.53506041333,
40803,93361.27855136906,
40804,77985.8773065312,
40805,96207.62513809485,
40806,82019.06670984066,
40807,109128.74486887673,
40808,104903.89434446052,
40809,90414.00422478949,
40810,85329.7576224195,
40811,87557.60107523495,
40812,102936.4810807873,
40813,101528.5825151106,
40814,76953.73264687223,
40816,80180.99434081223,
40817,96370.1167346332,
40818,56262.928331586445,
40819,92334.4430659944,
40820,82592.01232516968,
40821,83271.66482985686,
40822,106303.75202919364,
40823,107761.21570120892,
40824,99446.49976681321,
40825,89462.85138771309,
40826,89870.99434819784,
40901,32052.33627420592,
40902,48715.72636764751,
40903,51015.73575587631,
40904,45448.39592372124,
40905,37605.45734467775,
40908,43993.22137784102,
40909,42696.872719637744,
40910,33347.00491687327,
40911,39876.52395533558,
40912,39226.5339016733,
40913,39672.94504507069,
40914,35115.86759350558,
40915,43144.14309828372,
40916,45430.40258933011,
40917,52336.812126173434,
40918,28618.388857401835,
40919,47717.46733606501,
40920,24704.457897166918,
40921,54116.89457800175,
40922,55634.198294605754,
40923,39970.231390116554,
40925,42847.48639067782,
40926,34805.474417680176,
40927,49191.916961941046,
40928,35631.003090308164,
40929,53438.070828123884,
40930,40704.08403970112,
40931,46494.911809657686,
40932,31956.58903823085,
40933,33731.85000059968,
40934,40944.58865711423,
40935,22071.656513002228,
40936,31493.964961689722,
40937,36529.520790831564,
40938,47111.87629056789,
40939,45216.71665686279,
40940,48150.332916559724,
40941,45282.21302327427,
40942,51682.727521744295,
40943,51350.164508256734,
40944,27151.048577945978,
40945,36830.151984111784,
40946,53578.44686095975,
40947,53209.69068414339,
40948,54128.7011852682,
41001,100753.5970694365,3.0
41001,100753.5970694365,4.0
41004,94754.67165928708,
41005,96809.48520951206,
41006,92644.4889118701,
41007,109573.50786528215,
41008,106469.3777400115,
41009,93211.82408086129,
41010,92520.55418853062,
41011,105867.78539316691,
41012,97510.96939954726,
41013,102321.80142519083,
41014,100089.29957906816,
41015,100754.37803629004,
41016,105007.92889160095,
41017,101861.40219785851,
41018,104401.6107783099,
41019,93239.09042204315,
41021,89128.55365035396,
41022,97323.49804633729,
41023,96957.8520473265,
41101,61754.97500213468,
41102,65119.60140773469,
41103,63735.43613390871,
41104,63439.863198428815,
41105,57073.07490417596,
41106,64931.27979556252,
41107,71867.14018747087,
41108,67937.95857775085,
41109,69515.75236834024,
41110,58378.23726964243,
41111,57172.86703077546,
41112,57165.97532948546,
41113,57536.759151892285,
41114,66514.07603793101,
41115,71080.26348121083,
41116,58342.491288614976,
41117,67078.01227576484,
41118,63745.090292345325,
41119,66368.83782629331,
41120,68858.2985458597,
41121,61079.01511661645,
41122,61364.13001177067,
41123,60207.44521274908,
41124,62928.25902888559,
41125,54174.739326225914,
41126,67908.77520266606,
41127,63590.22100130427,
41128,71261.27582418724,
41129,60056.27140498584,
41130,68282.720146406,
41131,71593.42812443609,
41132,71715.84543671663,
41133,58188.62755041841,
41134,56705.928443338555,
41135,65081.3373414593,
41136,55607.19528931213,
41137,60598.318660964884,
41138,69932.60890460969,
41139,60212.54512088572,
41140,55338.82076572454,
41141,58873.8577037853,
41142,64925.092529151145,
41143,66644.96023976107,
41144,58167.90513033364,
41145,59190.70062038215,
41146,54944.98092284121,
41147,57558.207086800714,
41148,61416.32801066248,
41149,66003.96676176564,
41150,67615.77731269054,
41151,56338.44395402018,
41152,54617.09761926985,
41201,77101.42777102496,
41202,74275.10076267256,
41203,85131.30947274866,
41204,75003.31125558447,
41205,76278.43583084385,
41206,73224.68409187146,
41207,86256.50684834535,
41208,80648.25105624298,
41209,83383.54286790865,
41210,75593.32171548533,
41211,74241.80076351363,
41212,77894.22376367044,
41213,88892.99578154457,
41214,83037.2886063838,
41215,76936.49174727681,
41216,84615.56636209178,
41217,76559.43359883172,
41218,78603.79503694974,
41219,91691.7300408779,
41220,79773.318398986,
41221,76808.89306341222,
41222,79501.21291831088,
41223,72639.35910637626,
41224,77674.99773294391,
41226,79029.93065956309,
41227,72985.77542467094,
41228,71109.97178746345,
41229,80117.013427686,
41230,77136.44385384969,
41231,85218.14110311178,
41232,84699.50962378204,
41233,83550.16400877282,
41234,87771.98089250943,
41235,78043.69253335315,
41236,86402.3565868777,
41237,77024.89833070136,
41238,74088.69253334161,
41239,74107.26133448536,
41241,75527.9412994401,
41242,92789.77367284292,
41243,74150.92796585799,
41244,75069.29344949905,
41245,89626.82547039956,
41246,74357.94240999411,
41247,89386.78992281784,
41248,80216.60021000345,
41249,79931.81946465351,
41250,79039.44291332854,
41301,115048.21307407261,
41302,112685.94910883048,
41304,117700.37824825104,
41305,109405.48186234273,
41307,115423.19292600527,3.0
41308,121671.51869500712,
41309,113378.25628122171,
41312,119367.84800089685,
41313,119030.17140990551,
41315,115385.94729166209,
41318,107799.94017315957,
41319,113907.43397874307,
41320,113896.87407625777,
41325,110947.31404652722,
41401,40121.88499088195,2.0
41402,36513.441584138905,
41403,28386.949454240203,
41404,44029.61865554677,
41405,33381.52705373981,
41406,32300.331474579038,
41407,33234.51278479351,
41408,39068.10698487878,
41409,33093.97943393642,
41410,30713.234943684092,
41411,36194.99575837418,
41412,41649.061841609895,
41413,23856.98825907951,
41414,38682.743989154405,
41416,26334.750399150304,
41417,30656.568585751378,
41418,35498.62895282909,
41419,36728.35136031033,
41420,40465.858132997106,
41421,36169.77454605187,
41422,24479.576946820118,
41423,25466.600782894715,
41424,34708.83529097754,
41425,31176.569096916304,
41426,36706.49983944463,
41427,45314.9300807638,
41428,44130.293493234545,
41429,39301.53834660362,
41430,42598.18179223143,
41432,36937.47299704071,
41434,41759.39883870225,
41435,21995.040943741784,
41436,27241.76308913614,
41437,28572.842209777285,
41501,84899.86519529468,
41502,93903.1759671646,
41503,81795.26395216731,
41504,92083.92552439206,
41505,85179.3158070438,
41506,77851.12910432534,
41507,94767.26888097529,
41509,88640.60225230615,
41510,85798.0385299936,
41511,75362.14260003075,
41513,73709.2411903602,
41514,80150.37147454945,
41515,81984.38359333476,
41516,80392.04341678528,
41517,79096.23501918398,
41518,87587.99119443244,
41520,76691.91957978609,
41521,73657.24799940713,
41524,83179.35476053473,
41525,76814.59803528633,
41526,83759.3631501397,
41527,89886.5536750887,
41528,79196.0897293567,
41529,76827.2180127933,
41530,97080.38791427568,
41531,92057.00540098174,
41534,84014.98880411232,
41601,112564.77513349375,
41602,109055.31338384894,
41603,110337.77212046755,
41604,111707.61333676222,
41606,115379.60243108195,
41607,113160.20960618135,
41609,109070.32847992097,
41610,117112.77273654628,
41611,97445.17789243901,
41612,114806.46851028388,
41614,102283.12573320011,
41615,117949.52581597237,
41616,112720.56350546276,
41617,113771.32085631117,
41618,108184.74768620168,
41620,109784.56584998965,
41621,112692.74662552339,
41622,110973.03350668169,
41627,107097.56232430515,
20905,102180.42092045445,
40310,47866.93202097185,
10615,20149.12304790623,
